,hub_name_text,servicing_site_name_text,property_id,property_name_text,address_line1_text,address_line2_text,city_name_text,state_code,state_name_text,zip_code,zip4_code,county_code,county_name_text,msa_code,msa_name_text,congressional_district_code,placed_base_city_name_text,total_assisted_unit_count,total_unit_count,property_category_name,is_under_management_ind,occupancy_date,is_hospital_ind,is_nursing_home_ind,is_board_and_care_ind,is_assisted_living_ind,is_hud_held_ind,is_hud_owned_ind,is_refinanced_ind,is_insured_ind,is_mip_ind,is_non_insured_ind,is_co_insured_ind,is_subsidized_ind,is_202_811_ind,is_221d3_ind,is_221d4_ind,is_236_ind,is_section_236_rap_ind,is_bmir_ind,is_rent_supplement_ind,has_active_assistance_ind,is_risk_sharing_ind,has_active_irp_ind,has_use_restriction_ind,has_service_agreement_ind,is_pac_ind,is_prac_ind,is_sec8_ind,is_sec8_202_ind,is_sec8_state_agency_hfa_ind,is_sec8_lmsa_ind,is_sec8_prprty_disposition_ind,is_sec8_preservation_ind,is_sec8_othr_nw_cnstrction_ind,is_sec8_other_sub_rehab_ind
46,Boston,Providence,800212546,FRANKLIN COURT ASSISTED LIVING,150 Franklin Street,,BRISTOL,RI,RHODE ISLAND,2809.0,3300.0,1.0,Bristol,6480,"Providence-Fall River-Warwick, RI-MA MSA",01,BRISTOL,0,0,Insured-Unsubsidized,Y,,N,N,N,N,N,N,N,Y,N,N,N,N,N,N,N,N,N,N,N,N,Y,N,N,N,N,N,N,N,N,N,N,N,N,N
307,Boston,Providence,800235264,Cranston Commons East,1303 Elmwood Avenue,,Cranston,RI,RHODE ISLAND,2910.0,,7.0,Providence,6480,"Providence-Fall River-Warwick, RI-MA MSA",02,CRANSTON,0,0,Insured-Unsubsidized,Y,,N,N,N,N,N,N,N,Y,N,N,N,N,N,N,N,N,N,N,N,N,Y,N,N,N,N,N,N,N,N,N,N,N,N,N
381,Boston,Providence,800237875,Deerfield Apartments,190 St. Paul Street,,North Smithfield,RI,RHODE ISLAND,2896.0,,7.0,Providence,6480,"Providence-Fall River-Warwick, RI-MA MSA",01,,0,0,Insured-Unsubsidized,Y,,N,N,N,N,N,N,N,Y,N,N,N,N,N,N,N,N,N,N,N,N,Y,N,N,N,N,N,N,N,N,N,N,N,N,N
746,Boston,Providence,800242184,Lockwood Plaza,16 Prairie Avenue,,Providence,RI,RHODE ISLAND,2905.0,,7.0,Providence,6480,"Providence-Fall River-Warwick, RI-MA MSA",02,Providence,0,0,Insured - Previously Subsidized,Y,,N,N,N,N,N,N,Y,Y,N,N,N,N,N,N,N,N,N,N,N,N,N,N,Y,N,N,N,N,N,N,N,N,N,N,N
1004,OHP,OHP,800243014,Genesis-South County Nursing & Rehab Center,740 Oak Hill Road,,North Kingstown,RI,RHODE ISLAND,2852.0,,9.0,Washington,6480,"Providence-Fall River-Warwick, RI-MA MSA",02,,0,0,Insured-Unsubsidized,N,,N,Y,N,N,N,N,Y,Y,N,N,N,N,N,N,N,N,N,N,N,N,N,N,N,N,N,N,N,N,N,N,N,N,N,N
1587,Atlanta,Atlanta,800244119,Project heights Phase I,%60 Prospect Street,,Pawtucket,RI,RHODE ISLAND,2860.0,,7.0,Providence,9999,,01,,0,0,Insured-Unsubsidized,N,,N,N,N,N,N,N,N,Y,N,N,N,N,N,N,N,N,N,N,N,N,Y,N,N,N,N,N,N,N,N,N,N,N,N,N
1752,OHP,OHP,800244351,Dynasty - Grand Islander Center,333 Green End Avenue,,Middletown,RI,RHODE ISLAND,2842.0,5620.0,5.0,Newport,9999,,01,Newport East,0,0,Insured-Unsubsidized,N,,N,Y,N,N,N,N,Y,Y,N,N,N,N,N,N,N,N,N,N,N,N,N,N,N,N,N,N,N,N,N,N,N,N,N,N
1753,OHP,OHP,800244352,Dynasty - Grandview Center,100 Chambers Street,,Cumberland,RI,RHODE ISLAND,2864.0,,7.0,Providence,6480,"Providence-Fall River-Warwick, RI-MA MSA",01,Valley Falls,0,0,Insured-Unsubsidized,N,,N,Y,N,N,N,N,Y,Y,N,N,N,N,N,N,N,N,N,N,N,N,N,N,N,N,N,N,N,N,N,N,N,N,N,N
1759,OHP,OHP,800244358,Dynasty - Kent Regency Center,660 Commonwealth Avenue,,Warwick,RI,RHODE ISLAND,2886.0,,3.0,Kent,6480,"Providence-Fall River-Warwick, RI-MA MSA",02,Warwick,0,0,Insured-Unsubsidized,N,,N,Y,N,N,N,N,Y,Y,N,N,N,N,N,N,N,N,N,N,N,N,N,N,N,N,N,N,N,N,N,N,N,N,N,N
1879,Boston,Providence,800244541,Quaker Manor,2368 East Main Road,,Portsmouth,RI,RHODE ISLAND,2871.0,,5.0,Newport,9999,,01,,0,0,Insured-Unsubsidized,N,,N,N,N,N,N,N,Y,Y,N,N,N,N,N,N,N,N,N,N,N,N,N,N,N,N,N,N,N,N,N,N,N,N,N,N
2109,Boston,Providence,800244854,Rolling Green Apartments,195 Admiral Kalbus Road,,Newport,RI,RHODE ISLAND,2840.0,,5.0,Newport,9999,,01,Newport,0,0,Insured-Unsubsidized,N,,N,N,N,N,N,N,Y,Y,N,N,N,N,N,N,N,N,N,N,N,N,N,N,N,N,N,N,N,N,N,N,N,N,N,N
2290,Headquarters,Headquarters - PPSD,800243082,Rhode Island Housing and Mortgage Finance,44 Washington St,,Providence,RI,RHODE ISLAND,2903.0,1731.0,7.0,Providence,6480,"Providence-Fall River-Warwick, RI-MA MSA",02,Providence,0,0,"Subsidized, No HUD Financing",Y,,N,N,N,N,N,N,N,N,N,N,N,Y,N,N,N,N,N,N,N,Y,N,N,N,N,N,N,Y,N,N,N,N,N,N,N
2362,Boston,Providence,800000069,EPN Apts,116 Evergreen ST,,PROVIDENCE,RI,RHODE ISLAND,2906.0,2548.0,7.0,Providence,6480,"Providence-Fall River-Warwick, RI-MA MSA",01,PROVIDENCE,163,69,Subsidized - Previously Insured,Y,1985-04-16 00:00:00,N,N,N,N,N,N,N,N,N,N,N,Y,N,N,N,N,N,N,N,Y,N,N,Y,N,N,N,Y,N,Y,N,Y,N,N,N
17425,Boston,Providence,800019260,DEANGELIS MANOR II,845 WAKEFIELD ST,,WEST WARWICK,RI,RHODE ISLAND,2893.0,1448.0,3.0,Kent,6480,"Providence-Fall River-Warwick, RI-MA MSA",02,WEST WARWICK,80,80,Insured-Subsidized,Y,1983-01-31 00:00:00,N,N,N,N,N,N,Y,Y,N,N,N,Y,N,N,N,N,N,N,N,Y,N,N,N,N,N,N,Y,Y,N,N,N,N,N,N
17426,Boston,Providence,800019261,AHEPA 245 II APTS,87 GIRARD AVENUE,,NEWPORT,RI,RHODE ISLAND,2840.0,1127.0,5.0,Newport,9999,,01,NEWPORT,40,40,202/811,Y,1997-01-21 00:00:00,N,N,N,N,N,N,N,N,N,N,N,Y,Y,N,N,N,N,N,N,Y,N,N,Y,N,N,Y,N,N,N,N,N,N,N,N
17427,Boston,Providence,800019262,AARON BRIGGS,301 Cranston St,,Providence,RI,RHODE ISLAND,2907.0,2439.0,7.0,Providence,6480,"Providence-Fall River-Warwick, RI-MA MSA",02,PROVIDENCE,0,88,Other Subsidy Servicing Required (Only),N,1978-07-14 00:00:00,N,N,N,N,N,N,N,N,N,N,N,N,N,N,N,N,N,N,N,N,N,N,N,Y,N,N,N,N,N,N,N,N,N,N
17428,Boston,Providence,800019263,AHEPA 245 APTS,87 GIRARD AVE,,NEWPORT,RI,RHODE ISLAND,2840.0,1127.0,5.0,Newport,9999,,01,NEWPORT,42,42,Insured-Subsidized,Y,1991-05-30 00:00:00,N,N,N,N,N,N,Y,Y,N,N,N,Y,N,N,N,N,N,N,N,Y,N,N,Y,Y,N,N,Y,Y,N,N,N,N,N,N
17429,Boston,Providence,800019264,ANTHONY HOUSE,41 MIDDLE RD,,PORTSMOUTH,RI,RHODE ISLAND,2871.0,1250.0,5.0,Newport,9999,,01,,70,71,Insured-Subsidized,Y,1982-03-01 00:00:00,N,N,N,N,N,N,N,Y,N,N,N,Y,N,N,N,N,N,N,N,Y,Y,N,N,N,N,N,Y,N,Y,N,N,N,N,N
17430,Boston,Providence,800019265,BABCOCK VILLAGE,122 CROSS ST,,WESTERLY,RI,RHODE ISLAND,2891.0,2451.0,9.0,Washington,5520,"New London-Norwich, CT-RI MSA",02,WESTERLY,150,151,Insured-Subsidized,Y,1981-05-01 00:00:00,N,N,N,N,N,N,N,Y,N,N,N,Y,N,N,N,N,N,N,N,Y,Y,N,N,N,N,N,Y,N,Y,N,N,N,N,N
17431,Boston,Providence,800019266,BARBARA JORDAN  APTS  I,882 Broad Street,,PROVIDENCE,RI,RHODE ISLAND,2907.0,,7.0,PROVIDENCE,6480,PROVIDENCE-FALL RIVER-WARWICK RI-MA,,,193,193,Insured-Subsidized,Y,1985-05-09 00:00:00,N,N,N,N,N,N,N,Y,N,N,N,Y,N,N,Y,N,N,N,N,Y,N,N,N,N,N,N,Y,N,N,N,N,N,N,Y
17432,Boston,Providence,800019267,BAYSIDE VILLAGE,143 3rd St,,NEWPORT,RI,RHODE ISLAND,2840.0,1311.0,5.0,Newport,9999,,01,NEWPORT,97,111,Insured-Subsidized,Y,1973-11-14 00:00:00,N,N,N,N,N,N,Y,Y,N,N,N,Y,N,N,N,N,N,N,N,Y,N,N,N,N,N,N,Y,N,N,Y,N,N,N,N
17433,Boston,Providence,800019268,BEACHWOOD APARTMENTS,30 KINGSTOWN RD,,NARRAGANSETT,RI,RHODE ISLAND,2882.0,3331.0,9.0,Washington,6480,"Providence-Fall River-Warwick, RI-MA MSA",02,NARRAGANSETT PIER,56,56,Insured-Subsidized,Y,1979-02-01 00:00:00,N,N,N,N,N,N,N,Y,N,N,N,Y,N,N,N,N,N,N,N,Y,Y,N,Y,N,N,N,Y,N,Y,N,N,N,N,N
17434,Boston,Providence,800019269,BEAR HILL VIL,156 BEAR HILL RD,,CUMBERLAND,RI,RHODE ISLAND,2864.0,6020.0,7.0,Providence,6480,"Providence-Fall River-Warwick, RI-MA MSA",01,,125,126,Insured-Subsidized,Y,1980-12-01 00:00:00,N,N,N,N,N,N,N,Y,N,N,N,Y,N,N,N,N,N,N,N,Y,Y,N,N,N,N,N,Y,N,Y,N,N,N,N,N
17435,Boston,Providence,800019271,BLACKSTONE APARTMENTS,23 CLINTON ST, P. O. Box 1149,WOONSOCKET,RI,RHODE ISLAND,2895.0,817.0,7.0,Providence,6480,"Providence-Fall River-Warwick, RI-MA MSA",01,WOONSOCKET,47,47,Insured-Subsidized,Y,1973-11-19 00:00:00,N,N,N,N,Y,N,Y,Y,N,N,N,Y,N,N,N,Y,N,N,N,Y,N,Y,N,N,N,N,Y,N,N,Y,N,N,N,N
17436,Boston,Providence,800019272,BLACKSTONE FALLS,1359-A Broad ST,,CENTRAL FALLS,RI,RHODE ISLAND,2863.0,1004.0,7.0,Providence,9999,,01,CENTRAL FALLS,132,132,Insured-Subsidized,Y,1980-02-01 00:00:00,N,N,N,N,N,N,N,Y,N,N,N,Y,N,N,N,N,N,N,N,Y,Y,N,N,N,N,N,Y,N,Y,N,N,N,N,N
17437,Boston,Providence,800019274,BRADFORD COURT,251 MAIN ST,,PASCOAG,RI,RHODE ISLAND,2859.0,,7.0,PROVIDENCE,6480,Providence-Fall River-Warwick RI-MA,,,98,98,Insured-Subsidized,Y,1981-05-01 00:00:00,N,N,N,N,N,N,N,Y,N,N,N,Y,N,N,N,N,N,N,N,Y,Y,N,N,Y,N,N,Y,N,Y,N,N,N,N,N
17438,Boston,Providence,800019275,BRAEBURN APTS,25 HARWOL CT,,PROVIDENCE,RI,RHODE ISLAND,2904.0,2143.0,7.0,Providence,6480,"Providence-Fall River-Warwick, RI-MA MSA",01,PROVIDENCE,51,51,"Subsidized, No HUD Financing",Y,1979-05-01 00:00:00,N,N,N,N,N,N,N,N,N,N,N,Y,N,N,N,N,N,N,N,Y,N,N,N,N,N,N,Y,N,Y,N,N,N,N,N
17439,Boston,Providence,800019276,BRANCH APTS,48 - 50 Wild Street,,PROVIDENCE,RI,RHODE ISLAND,2904.0,,7.0,PROVIDENCE,6480,Providence-Fall River-Warwick RI-MA,01,PROVIDENCE,18,18,Subsidized - Previously Insured,Y,1973-01-01 00:00:00,N,N,N,N,N,N,N,N,N,N,N,Y,N,N,N,N,N,N,N,Y,N,N,N,N,N,N,Y,N,N,Y,N,N,N,N
17440,Boston,Providence,800019277,BRIDGHAM MANOR,359 CARPENTER ST,,PROVIDENCE,RI,RHODE ISLAND,2909.0,1437.0,7.0,Providence,6480,"Providence-Fall River-Warwick, RI-MA MSA",02,PROVIDENCE,88,88,Insured-Subsidized,Y,1985-02-01 00:00:00,N,N,N,N,N,N,N,Y,N,N,N,Y,N,N,N,N,N,N,N,Y,Y,N,N,N,N,N,Y,N,Y,N,N,N,N,N
17441,Boston,Providence,800019278,BROADWAY PLAZA,70 Ridge Street,,PROVIDENCE,RI,RHODE ISLAND,2909.0,1510.0,7.0,Providence,6480,"Providence-Fall River-Warwick, RI-MA MSA",02,PROVIDENCE,77,97,Insured-Subsidized,Y,1976-05-01 00:00:00,N,N,N,N,N,N,Y,Y,N,N,N,Y,N,N,N,N,N,N,N,Y,N,N,N,N,N,N,Y,N,N,Y,N,N,N,N
17442,Boston,Providence,800019279,BROADWAY WEST BROADWAY,76 Broadway,75 Broadway,Newport,RI,RHODE ISLAND,2840.0,7722.0,5.0,Newport,9999,,01,Newport,114,115,Insured-Subsidized,Y,1984-12-01 00:00:00,N,N,N,N,N,N,Y,Y,N,N,N,Y,N,N,Y,N,N,N,N,Y,N,N,N,N,N,N,Y,N,N,N,N,N,N,Y
17443,Boston,Providence,800019280,BROOK VILLAGE,2072 SMITH ST,,NORTH PROVIDENCE,RI,RHODE ISLAND,2911.0,1780.0,7.0,Providence,6480,"Providence-Fall River-Warwick, RI-MA MSA",01,NORTH PROVIDENCE,100,101,Insured-Subsidized,Y,1977-11-18 00:00:00,N,N,N,N,N,N,N,Y,N,N,N,Y,N,N,N,N,N,N,N,Y,Y,N,N,N,N,N,Y,N,Y,N,N,N,N,N
17444,Boston,Providence,800019281,BULLOCKS POINT VILLAGE,596A  BULLOCKS POINT AVE,,EAST PROVIDENCE,RI,RHODE ISLAND,2915.0,3526.0,7.0,Providence,9999,,01,EAST PROVIDENCE,75,174,Insured-Subsidized,Y,1972-03-01 00:00:00,N,N,N,N,N,N,Y,Y,N,N,N,Y,N,N,N,N,N,N,N,Y,N,Y,N,N,N,N,Y,N,N,Y,N,N,N,N
17445,Boston,Providence,800019283,CENTREDALE MANOR,2074 SMITH ST,,NORTH PROVIDENCE,RI,RHODE ISLAND,2911.0,1753.0,7.0,Providence,6480,"Providence-Fall River-Warwick, RI-MA MSA",01,NORTH PROVIDENCE,122,123,Insured-Subsidized,Y,1983-03-01 00:00:00,N,N,N,N,N,N,N,Y,N,N,N,Y,N,N,N,N,N,N,N,Y,Y,N,N,N,N,N,Y,N,Y,N,N,N,N,N
17446,Boston,Providence,800019284,CHERRY BRIGGS,204-A GREENVILLE AVE,,JOHNSTON,RI,RHODE ISLAND,2919.0,4152.0,7.0,Providence,6480,"Providence-Fall River-Warwick, RI-MA MSA",02,,160,160,Insured-Subsidized,Y,1977-09-01 00:00:00,N,N,N,N,N,N,N,Y,N,N,N,Y,N,N,N,N,N,N,N,Y,Y,N,Y,N,N,N,Y,N,Y,N,N,N,N,N
17447,Boston,Providence,800019285,NEW CANONCHET CLIFFS,825 Main Street,,HOPE VALLEY,RI,RHODE ISLAND,2832.0,1923.0,9.0,Washington,5520,"New London-Norwich, CT-RI MSA",02,,114,114,Insured-Subsidized,Y,1985-10-01 00:00:00,N,N,N,N,N,N,N,Y,N,N,N,Y,N,N,Y,N,N,N,N,Y,N,N,Y,N,N,N,Y,Y,N,N,N,N,N,N
17448,Boston,Providence,800019287,CATHEDRAL SQUARE APTS I,5 CATHEDRAL SQ,,PROVIDENCE,RI,RHODE ISLAND,2903.0,3627.0,7.0,Providence,6480,"Providence-Fall River-Warwick, RI-MA MSA",02,PROVIDENCE,100,100,Insured-Subsidized,Y,1977-11-01 00:00:00,N,N,N,N,N,N,Y,Y,N,N,N,Y,N,N,N,N,N,N,N,Y,N,Y,Y,N,N,N,Y,N,N,Y,N,N,N,N
17449,Boston,Providence,800019288,CENTENNIAL TOWER,35 GOFF AVE,,PAWTUCKET,RI,RHODE ISLAND,2860.0,2950.0,7.0,Providence,6480,"Providence-Fall River-Warwick, RI-MA MSA",01,PAWTUCKET,100,101,Insured-Subsidized,Y,1977-03-17 00:00:00,N,N,N,N,N,N,N,Y,N,N,N,Y,N,N,N,N,N,N,N,Y,Y,N,N,N,N,N,Y,N,Y,N,N,N,N,N
17450,Boston,Providence,800019289,CHARLES PLACE,460 Charles Street,,PROVIDENCE,RI,RHODE ISLAND,2904.0,2236.0,7.0,Providence,6480,"Providence-Fall River-Warwick, RI-MA MSA",01,PROVIDENCE,200,200,Subsidized - Previously Insured,Y,1974-08-01 00:00:00,N,N,N,N,N,N,N,N,N,N,N,Y,N,N,N,N,N,N,N,Y,N,N,Y,N,N,N,Y,N,N,Y,N,N,N,N
17451,Boston,Providence,800019290,CHARLESGATE EAST,50 RANDALL ST,,PROVIDENCE,RI,RHODE ISLAND,2904.0,2710.0,7.0,Providence,6480,"Providence-Fall River-Warwick, RI-MA MSA",01,PROVIDENCE,100,100,Insured-Subsidized,Y,1979-06-01 00:00:00,N,N,N,N,N,N,N,Y,N,N,N,Y,N,N,N,N,N,N,N,Y,Y,N,Y,N,N,N,Y,N,Y,N,N,N,N,N
17452,Boston,Providence,800019291,CHARLESGATE NORTH APTS,670 North Main ST,,PROVIDENCE,RI,RHODE ISLAND,2904.0,5743.0,7.0,Providence,6480,"Providence-Fall River-Warwick, RI-MA MSA",01,PROVIDENCE,157,200,Insured-Subsidized,Y,1974-09-03 00:00:00,N,N,N,N,N,N,N,Y,N,N,N,Y,N,N,N,N,N,N,N,Y,Y,Y,N,N,N,N,Y,N,N,Y,N,N,N,N
17453,Boston,Providence,800019292,CHARLESGATE SOUTH,20 RANDALL ST,,PROVIDENCE,RI,RHODE ISLAND,2904.0,2744.0,7.0,Providence,6480,"Providence-Fall River-Warwick, RI-MA MSA",01,PROVIDENCE,100,100,Insured-Subsidized,Y,1982-01-01 00:00:00,N,N,N,N,N,N,N,Y,N,N,N,Y,N,N,N,N,N,N,N,Y,Y,N,Y,N,N,N,Y,N,Y,N,N,N,N,N
17454,Boston,Providence,800019293,CHATEAU ANNE,82 FALES ST,,CENTRAL FALLS,RI,RHODE ISLAND,2863.0,2857.0,7.0,Providence,6480,"Providence-Fall River-Warwick, RI-MA MSA",01,CENTRAL FALLS,39,39,"Subsidized, No HUD Financing",Y,1981-12-15 00:00:00,N,N,N,N,N,N,N,N,N,N,N,Y,N,N,N,N,N,N,N,Y,N,N,N,N,N,N,Y,N,Y,N,N,N,N,N
17455,Boston,Providence,800019294,CHATEAU CLARE,16 Green Street,,WOONSOCKET,RI,RHODE ISLAND,2895.0,,7.0,Providence,9999,,01,,87,88,Insured-Subsidized,Y,1977-01-26 00:00:00,N,N,N,N,N,N,N,Y,N,N,N,Y,N,N,N,N,N,N,N,Y,Y,N,N,N,N,N,Y,N,Y,N,N,N,N,N
17456,Boston,Providence,800019295,CHATHAM VILLAGE,190 CHATHAM ST,,PROVIDENCE,RI,RHODE ISLAND,2904.0,2445.0,7.0,Providence,6480,"Providence-Fall River-Warwick, RI-MA MSA",01,PROVIDENCE,40,40,Subsidized - Previously Insured,Y,1972-11-01 00:00:00,N,N,N,N,N,N,N,N,N,N,N,Y,N,N,N,N,N,N,N,Y,N,Y,N,Y,N,N,Y,N,N,Y,N,N,N,N
17457,Boston,Providence,800019296,CHIMNEY HILL,2065 MENDON RD,,CUMBERLAND,RI,RHODE ISLAND,2864.0,4307.0,7.0,PROVIDENCE,6480,Providence-Fall River-Warwick RI-MA,,,130,131,Insured-Subsidized,Y,1978-10-01 00:00:00,N,N,N,N,N,N,N,Y,N,N,N,Y,N,N,N,N,N,N,N,Y,N,N,N,N,N,N,Y,N,Y,N,N,N,N,N
17458,Boston,Providence,800019297,COLONY HOUSE,1 CADILLAC DR,,PROVIDENCE,RI,RHODE ISLAND,2907.0,2156.0,7.0,Providence,6480,"Providence-Fall River-Warwick, RI-MA MSA",01,Providence,101,101,Insured-Subsidized,Y,1978-07-27 00:00:00,N,N,N,N,N,N,Y,Y,N,N,N,Y,N,N,N,N,N,N,N,Y,N,N,N,N,N,N,Y,N,Y,N,N,N,N,N
17459,Boston,Providence,800019298,CRANBERRY POND,957 Post Road,,WARWICK,RI,RHODE ISLAND,2888.0,3368.0,3.0,Kent,6480,"Providence-Fall River-Warwick, RI-MA MSA",02,WARWICK,97,97,Insured-Subsidized,Y,1979-10-01 00:00:00,N,N,N,N,N,N,N,Y,N,N,N,Y,N,N,N,N,N,N,N,Y,Y,N,N,N,N,N,Y,N,Y,N,N,N,N,N
17460,Boston,Providence,800019299,CRESCENT PARK MANOR,164 CRESCENT VIEW AVE,,EAST PROVIDENCE,RI,RHODE ISLAND,2915.0,3634.0,7.0,Providence,6480,"Providence-Fall River-Warwick, RI-MA MSA",01,EAST PROVIDENCE,249,250,"Subsidized, No HUD Financing",Y,1983-12-01 00:00:00,N,N,N,N,N,N,N,N,N,N,N,Y,N,N,N,N,N,N,N,Y,N,N,N,N,N,N,Y,N,Y,N,N,N,N,N
17461,Boston,Providence,800019300,CROSS STREET APTS,28 -32 CROSS ST,,CENTRAL FALLS,RI,RHODE ISLAND,2863.0,3144.0,7.0,Providence,6480,"Providence-Fall River-Warwick, RI-MA MSA",01,CENTRAL FALLS,18,18,HUD Held,Y,1979-02-14 00:00:00,N,N,N,N,Y,N,N,N,N,N,N,Y,N,Y,N,N,N,N,N,Y,N,N,Y,N,N,N,Y,N,N,N,N,N,Y,N
17462,Boston,Providence,800019301,CURTIS ARMS APTS,80 CURTIS ST,,PROVIDENCE,RI,RHODE ISLAND,2909.0,3627.0,7.0,Providence,6480,"Providence-Fall River-Warwick, RI-MA MSA",02,PROVIDENCE,106,106,Subsidized - Previously Insured,Y,1980-11-14 00:00:00,N,N,N,N,N,N,N,N,N,N,N,Y,N,N,N,N,N,N,N,Y,N,N,N,N,N,N,Y,N,Y,N,N,N,N,N
17463,Boston,Providence,800019302,D'EVAN MANOR,1214 CRANSTON ST,,CRANSTON,RI,RHODE ISLAND,2920.0,7346.0,7.0,Providence,6480,"Providence-Fall River-Warwick, RI-MA MSA",02,CRANSTON,127,127,Subsidized - Previously Insured,Y,1980-02-01 00:00:00,N,N,N,N,N,N,N,N,N,N,N,Y,N,N,N,N,N,N,N,Y,N,N,N,N,N,N,Y,N,Y,N,N,N,N,N
17464,Boston,Providence,800019309,WATER'S EDGE APARTMENTS,130 CASWELL ST,,NARRAGANSETT,RI,RHODE ISLAND,2882.0,3759.0,9.0,Washington,6480,"Providence-Fall River-Warwick, RI-MA MSA",02,NARRAGANSETT PIER,32,32,Insured-Subsidized,Y,1971-06-15 00:00:00,N,N,N,N,N,N,N,Y,N,N,N,Y,N,N,N,N,N,N,N,Y,Y,N,N,N,N,N,Y,N,N,Y,N,N,N,N
17465,Boston,Providence,800019310,EAST SIDE APARTMENTS,83 DOYLE AVE,,PROVIDENCE,RI,RHODE ISLAND,2906.0,1743.0,7.0,Providence,6480,"Providence-Fall River-Warwick, RI-MA MSA",01,PROVIDENCE,82,82,202/811,Y,1984-10-01 00:00:00,N,N,N,N,N,N,N,N,N,N,N,Y,Y,N,N,N,N,N,N,Y,N,N,N,N,N,N,Y,Y,N,N,N,N,N,N
17466,Boston,Providence,800019311,ESSEX VILLAGE,12-2 FISCHER DR,,NORTH KINGSTOWN,RI,RHODE ISLAND,2852.0,2854.0,9.0,Washington,6480,"Providence-Fall River-Warwick, RI-MA MSA",02,,108,109,Insured-Subsidized,Y,2013-12-31 00:00:00,N,N,N,N,N,N,N,Y,N,N,N,Y,N,N,N,N,N,N,N,Y,Y,N,N,N,N,N,Y,N,Y,N,N,N,N,N
17467,Boston,Providence,800019312,EVERGREEN DRIVE APARTMENTS,21 EVERGREEN DR,,EAST PROVIDENCE,RI,RHODE ISLAND,2914.0,1551.0,7.0,Providence,6480,"Providence-Fall River-Warwick, RI-MA MSA",01,EAST PROVIDENCE,83,83,Insured-Subsidized,Y,1978-11-01 00:00:00,N,N,N,N,N,N,N,Y,N,N,N,Y,N,N,N,N,N,N,N,Y,Y,N,N,N,N,N,Y,N,Y,N,N,N,N,N
17468,Boston,Providence,800019314,EAGLE I/II APARTMENTS,21 SPRING ST,,LINCOLN,RI,RHODE ISLAND,2838.0,1350.0,7.0,Providence,6480,"Providence-Fall River-Warwick, RI-MA MSA",01,,70,70,Subsidized - Previously Insured,Y,1971-05-01 00:00:00,N,N,N,N,N,N,N,N,N,N,N,Y,N,N,N,N,N,N,N,Y,N,N,N,N,N,N,Y,N,N,Y,N,N,N,N
17469,Boston,Providence,800019315,EAGLE III APARTMENTS,81 SPRING ST,,MANVILLE,RI,RHODE ISLAND,2838.0,1325.0,7.0,Providence,6480,"Providence-Fall River-Warwick, RI-MA MSA",01,,27,32,Subsidized - Previously Insured,Y,1971-12-01 00:00:00,N,N,N,N,N,N,N,N,N,N,N,Y,N,N,N,N,N,N,N,Y,N,N,N,N,N,N,Y,N,N,Y,N,N,N,N
17470,Boston,Providence,800019316,ECHO VALLEY,56 MAPLE AVE,,WEST WARWICK,RI,RHODE ISLAND,2893.0,4447.0,3.0,Kent,6480,"Providence-Fall River-Warwick, RI-MA MSA",02,WEST WARWICK,100,100,"Subsidized, No HUD Financing",Y,1978-07-01 00:00:00,N,N,N,N,N,N,N,N,N,N,N,Y,N,N,N,N,N,N,N,Y,N,N,N,N,N,N,Y,N,Y,N,N,N,N,N
17471,Boston,Providence,800019317,EDWARD COONEY HOUSE,982 BRANCH AVE,,PROVIDENCE,RI,RHODE ISLAND,2904.0,1065.0,7.0,Providence,6480,"Providence-Fall River-Warwick, RI-MA MSA",01,PROVIDENCE,27,27,202/811,Y,1982-02-25 00:00:00,N,N,N,N,N,N,N,N,N,N,N,Y,Y,N,N,N,N,N,N,Y,N,N,N,N,N,N,Y,Y,N,N,N,N,N,N
17472,Boston,Providence,800019318,ESMOND VILLAGE,1 SEBILLE RD,,SMITHFIELD,RI,RHODE ISLAND,2917.0,2528.0,7.0,Providence,6480,"Providence-Fall River-Warwick, RI-MA MSA",01,,140,140,Insured-Subsidized,Y,1980-02-01 00:00:00,N,N,N,N,N,N,N,Y,N,N,N,Y,N,N,N,N,N,N,N,Y,Y,N,N,N,N,N,Y,N,Y,N,N,N,N,N
17473,Boston,Providence,800019320,EVERGREEN APTS,150 Evergreen DR,,EAST PROVIDENCE,RI,RHODE ISLAND,2914.0,1565.0,7.0,Providence,6480,"Providence-Fall River-Warwick, RI-MA MSA",01,EAST PROVIDENCE,168,168,Insured-Subsidized,Y,1972-07-19 00:00:00,N,N,N,N,N,N,Y,Y,N,N,N,Y,N,N,Y,N,N,N,N,Y,N,N,Y,N,N,N,Y,N,N,Y,N,N,N,N
17474,Boston,Providence,800019322,FAIRMOUNT MANOR,525 SECOND AVE,,WOONSOCKET,RI,RHODE ISLAND,2895.0,4183.0,7.0,Providence,6480,"Providence-Fall River-Warwick, RI-MA MSA",01,WOONSOCKET,138,139,"Subsidized, No HUD Financing",Y,1985-02-08 00:00:00,N,N,N,N,N,N,N,N,N,N,N,Y,N,N,N,N,N,N,N,Y,N,N,N,N,N,N,Y,N,Y,N,N,N,N,N
17475,Boston,Providence,800019323,FELLOWSHIP HOUSE,1257 CRANSTON ST,,CRANSTON,RI,RHODE ISLAND,2920.0,7315.0,7.0,Providence,6480,"Providence-Fall River-Warwick, RI-MA MSA",02,CRANSTON,7,7,202/811,Y,1981-12-17 00:00:00,N,N,N,N,N,N,N,N,N,N,N,Y,Y,N,N,N,N,N,N,Y,N,N,N,N,N,N,Y,Y,N,N,N,N,N,N
17476,Boston,Providence,800019325,FIELDSTONE APTS,125 KNOWLESWAY  EXTENSION,,NARRAGANSETT,RI,RHODE ISLAND,2882.0,5459.0,9.0,Washington,6480,"Providence-Fall River-Warwick, RI-MA MSA",02,,24,24,Insured-Subsidized,Y,1980-09-01 00:00:00,N,N,N,N,N,N,N,Y,N,N,N,Y,N,N,N,N,N,N,N,Y,Y,N,N,N,N,N,Y,N,Y,N,N,N,N,N
17477,Boston,Providence,800019326,FOX POINT MANOR,575 WICKENDEN ST,,PROVIDENCE,RI,RHODE ISLAND,2903.0,4461.0,7.0,Providence,6480,"Providence-Fall River-Warwick, RI-MA MSA",01,PROVIDENCE,98,99,Insured-Subsidized,Y,1979-06-01 00:00:00,N,N,N,N,N,N,Y,Y,N,N,N,Y,N,N,N,N,N,N,N,Y,N,N,N,N,N,N,Y,N,Y,N,N,N,N,N
17478,Boston,Providence,800019327,FOXFIRE,46 EDDY ST,,WEST WARWICK,RI,RHODE ISLAND,2893.0,3719.0,3.0,Kent,6480,"Providence-Fall River-Warwick, RI-MA MSA",02,WEST WARWICK,16,18,Subsidized - Previously Insured,Y,1972-02-03 00:00:00,N,N,N,N,N,N,N,N,N,N,N,Y,N,N,N,N,N,N,N,Y,N,Y,N,N,N,N,Y,N,N,Y,N,N,N,N
17479,Boston,Providence,800019328,GERALD S. BURNS APARTMENTS,25 N BEND ST,,PAWTUCKET,RI,RHODE ISLAND,2860.0,3113.0,7.0,Providence,6480,"Providence-Fall River-Warwick, RI-MA MSA",01,PAWTUCKET,7,7,202/811,Y,1982-05-03 00:00:00,N,N,N,N,N,N,N,N,N,N,N,Y,Y,N,N,N,N,N,N,Y,N,N,N,N,N,N,Y,Y,N,N,N,N,N,N
17480,Boston,Providence,800019330,GRACE CHURCH APARTMENTS,280 WASHINGTON ST,,PROVIDENCE,RI,RHODE ISLAND,2903.0,3625.0,7.0,Providence,6480,"Providence-Fall River-Warwick, RI-MA MSA",02,PROVIDENCE,100,101,Insured-Subsidized,Y,1978-09-22 00:00:00,N,N,N,N,N,N,N,Y,N,N,N,Y,N,N,Y,N,N,N,N,Y,N,N,Y,N,N,N,Y,Y,N,N,N,N,N,N
17481,Boston,Providence,800019331,GATEWOOD APTS,403 MENDON RD,,NORTH SMITHFIELD,RI,RHODE ISLAND,2896.0,6950.0,7.0,Providence,6480,"Providence-Fall River-Warwick, RI-MA MSA",01,,60,60,Insured-Subsidized,Y,1977-04-11 00:00:00,N,N,N,N,N,N,N,Y,N,N,N,Y,N,N,N,N,N,N,N,Y,Y,N,N,N,N,N,Y,N,Y,N,N,N,N,N
17482,Boston,Providence,800019332,GENEVA PLAZA,150 DARTMOUTH ST,,PAWTUCKET,RI,RHODE ISLAND,2860.0,5972.0,7.0,Providence,6480,"Providence-Fall River-Warwick, RI-MA MSA",01,PAWTUCKET,149,150,Insured-Subsidized,Y,1983-05-01 00:00:00,N,N,N,N,N,N,N,Y,N,N,N,Y,N,N,N,N,N,N,N,Y,Y,N,N,N,N,N,Y,N,Y,N,N,N,N,N
17483,Boston,Providence,800019333,GEORGIAVILLE MANOR,20 HIGGINS LN,,SMITHFIELD,RI,RHODE ISLAND,2917.0,4020.0,7.0,Providence,6480,"Providence-Fall River-Warwick, RI-MA MSA",01,,54,54,Insured-Subsidized,Y,1981-01-01 00:00:00,N,N,N,N,N,N,N,Y,N,N,N,Y,N,N,N,N,N,N,N,Y,Y,N,N,N,N,N,Y,N,Y,N,N,N,N,N
17484,Boston,Providence,800019334,SHOOTING STAR APARTMENTS,24 TECUMSEH STREET,,PROVIDENCE,RI,RHODE ISLAND,2906.0,1832.0,7.0,Providence,6480,"Providence-Fall River-Warwick, RI-MA MSA",01,PROVIDENCE,3,3,202/811,Y,1996-11-30 00:00:00,N,N,N,N,N,N,N,N,N,N,N,Y,Y,N,N,N,N,N,N,Y,N,N,N,N,N,Y,N,N,N,N,N,N,N,N
17485,Boston,Providence,800019335,GRANDVIEW APTS,42 VICTOR ST,,PROVIDENCE,RI,RHODE ISLAND,2908.0,3200.0,7.0,Providence,6480,"Providence-Fall River-Warwick, RI-MA MSA",01,PROVIDENCE,9,9,202/811,Y,1980-10-01 00:00:00,N,N,N,N,N,N,N,N,N,N,N,Y,Y,N,N,N,N,N,N,Y,N,N,N,N,N,N,Y,Y,N,N,N,N,N,N
17486,Boston,Providence,800019336,GREENWICH VILLAGE,300 LAMBERT LIND HWY,,WARWICK,RI,RHODE ISLAND,2886.0,1171.0,3.0,Kent,6480,"Providence-Fall River-Warwick, RI-MA MSA",02,WARWICK,200,201,"Subsidized, No HUD Financing",Y,1984-01-26 00:00:00,N,N,N,N,N,N,N,N,N,N,N,Y,N,N,N,N,N,N,N,Y,N,N,N,N,N,N,Y,N,Y,N,N,N,N,N
17487,Boston,Providence,800019337,GREENWOOD TERRACE,2426 POST RD,,WARWICK,RI,RHODE ISLAND,2886.0,2255.0,3.0,Kent,6480,"Providence-Fall River-Warwick, RI-MA MSA",02,WARWICK,53,53,Insured-Subsidized,Y,1978-11-01 00:00:00,N,N,N,N,N,N,N,Y,N,N,N,Y,N,N,N,N,N,N,N,Y,Y,N,N,N,N,N,Y,N,Y,N,N,N,N,N
17488,Boston,Providence,800019338,HAGAN MANOR,30 HAGAN STREET,,PROVIDENCE,RI,RHODE ISLAND,2904.0,1274.0,7.0,Providence,6480,"Providence-Fall River-Warwick, RI-MA MSA",01,PROVIDENCE,80,80,Insured-Subsidized,Y,1984-08-01 00:00:00,N,N,N,N,N,N,N,Y,N,N,N,Y,N,N,N,N,N,N,N,Y,Y,N,N,N,N,N,Y,N,Y,N,N,N,N,N
17489,Boston,Providence,800019339,HANORA LIPPITT MILLS APARTMENTS,1 MAIN ST,,WOONSOCKET,RI,RHODE ISLAND,2895.0,4343.0,7.0,Providence,6480,"Providence-Fall River-Warwick, RI-MA MSA",01,WOONSOCKET,116,117,Subsidized - Previously Insured,Y,1983-06-01 00:00:00,N,N,N,N,N,N,N,N,N,N,N,Y,N,N,N,N,N,N,N,Y,N,N,Y,N,N,N,Y,N,N,N,N,N,N,Y
17490,Boston,Providence,800019340,HARDIG BROOK VILLAGE,331 Centerville Road,,WARWICK,RI,RHODE ISLAND,2886.0,4347.0,3.0,Kent,6480,"Providence-Fall River-Warwick, RI-MA MSA",02,WARWICK,100,100,Insured-Subsidized,Y,1979-02-01 00:00:00,N,N,N,N,N,N,N,Y,N,N,N,Y,N,N,N,N,N,N,N,Y,Y,N,N,N,N,N,Y,N,Y,N,N,N,N,N
17491,Boston,Providence,800019341,HARRIS HOUSE,28 HARRIS AVE,,CRANSTON,RI,RHODE ISLAND,2920.0,5421.0,7.0,Providence,6480,"Providence-Fall River-Warwick, RI-MA MSA",02,CRANSTON,132,133,Insured-Subsidized,Y,1980-04-01 00:00:00,N,N,N,N,N,N,N,Y,N,N,N,Y,N,N,N,N,N,N,N,Y,Y,N,N,N,N,N,Y,N,Y,N,N,N,N,N
17492,Boston,Providence,800019342,HARWOL COURT,211 ADELAIDE AVE,,PROVIDENCE,RI,RHODE ISLAND,2907.0,1857.0,7.0,Providence,6480,"Providence-Fall River-Warwick, RI-MA MSA",01,Providence,22,22,"Subsidized, No HUD Financing",Y,1976-11-15 00:00:00,N,N,N,N,N,N,N,N,N,N,N,Y,N,N,N,N,N,N,N,Y,N,N,N,N,N,N,Y,N,Y,N,N,N,N,N
17493,Boston,Providence,800019343,HERITAGE VILLAGE APARTMENTS,24 Union Drive,,NORTH KINGSTOWN,RI,RHODE ISLAND,2852.0,2783.0,9.0,Washington,6480,"Providence-Fall River-Warwick, RI-MA MSA",02,,204,204,Insured-Subsidized,Y,1979-08-08 00:00:00,N,N,N,N,N,N,N,Y,N,N,N,Y,N,N,N,N,N,N,N,Y,Y,N,Y,N,N,N,Y,N,Y,N,N,N,N,N
17494,Boston,Providence,800019346,HILLSIDE VILLAGE,825 PLAINFIELD ST,,PROVIDENCE,RI,RHODE ISLAND,2909.0,5453.0,7.0,Providence,6480,"Providence-Fall River-Warwick, RI-MA MSA",02,PROVIDENCE,42,42,Insured-Subsidized,Y,1990-08-01 00:00:00,N,N,N,N,N,N,N,Y,N,N,N,Y,N,N,N,N,N,N,N,Y,Y,N,N,N,N,N,Y,N,Y,N,N,N,N,N
17495,Boston,Providence,800019348,INDEPENDENCE HOUSE,100 Glasgow St,,Providence,RI,RHODE ISLAND,2908.0,1647.0,7.0,Providence,6480,"Providence-Fall River-Warwick, RI-MA MSA",02,Providence,26,26,202/811,Y,1993-10-28 00:00:00,N,N,N,N,N,N,N,N,N,N,N,Y,Y,N,N,N,N,N,N,Y,N,N,Y,N,N,Y,N,N,N,N,N,N,N,N
17496,Boston,Providence,800019349,INDIAN RUN VIL,681 Kingstown Road,,WAKEFIELD,RI,RHODE ISLAND,2879.0,3005.0,9.0,Washington,6480,"Providence-Fall River-Warwick, RI-MA MSA",02,WAKEFIELD-PEACEDALE,114,115,Insured-Subsidized,Y,1980-04-01 00:00:00,N,N,N,N,N,N,N,Y,N,N,N,Y,N,N,N,N,N,N,N,Y,Y,N,N,N,N,N,Y,N,Y,N,N,N,N,N
17497,Boston,Providence,800019351,ELDER CARE I,150 FRANKLIN ST,,BRISTOL,RI,RHODE ISLAND,2809.0,3300.0,1.0,Bristol,6480,"Providence-Fall River-Warwick, RI-MA MSA",01,BRISTOL,48,49,202/811,Y,1994-03-07 00:00:00,N,N,N,N,N,N,N,N,N,N,N,Y,Y,N,N,N,N,N,N,Y,N,N,Y,N,N,Y,N,N,N,N,N,N,N,N
17498,Boston,Providence,800019353,KINGS GRANT,12 FISCHER DR,,NORTH KINGSTOWN,RI,RHODE ISLAND,2852.0,2854.0,9.0,Washington,6480,"Providence-Fall River-Warwick, RI-MA MSA",02,,104,156,Insured-Subsidized,Y,1972-10-13 00:00:00,N,N,N,N,N,N,N,Y,N,N,N,Y,N,N,N,N,N,N,N,Y,Y,N,N,N,N,N,Y,N,N,N,N,Y,N,N
17499,Boston,Providence,800019354,LAWN TERRACE,320 MINERAL SPRING AVE,,PAWTUCKET,RI,RHODE ISLAND,2860.0,3568.0,7.0,Providence,6480,"Providence-Fall River-Warwick, RI-MA MSA",01,PAWTUCKET,45,100,Subsidized - Previously Insured,Y,1975-10-03 00:00:00,N,N,N,N,N,N,N,N,N,N,N,Y,N,N,N,N,N,N,N,Y,N,N,N,Y,N,N,Y,N,N,Y,N,N,N,N
17500,Boston,Providence,800019355,LEO R TANGUAY APARTMENTS,129 Main ST,,WOONSOCKET,RI,RHODE ISLAND,2895.0,4382.0,7.0,Providence,6480,"Providence-Fall River-Warwick, RI-MA MSA",01,WOONSOCKET,8,8,202/811,Y,1993-04-29 00:00:00,N,N,N,N,N,N,N,N,N,N,N,Y,Y,N,N,N,N,N,N,Y,N,N,Y,N,N,Y,N,N,N,N,N,N,N,N
17501,Boston,Providence,800019357,LONSDALE SENIOR APARTMENTS,455 LONSDALE AVE,,PAWTUCKET,RI,RHODE ISLAND,2860.0,1808.0,7.0,Providence,6480,"Providence-Fall River-Warwick, RI-MA MSA",01,PAWTUCKET,131,131,Insured-Subsidized,Y,1981-06-01 00:00:00,N,N,N,N,N,N,N,Y,N,N,N,Y,N,N,N,N,N,N,N,Y,Y,N,N,N,N,N,Y,N,Y,N,N,N,N,N
17502,Boston,Providence,800019358,DEANGELIS MANOR  I,825 Wakefield Street,,WEST WARWICK,RI,RHODE ISLAND,2893.0,1447.0,3.0,Kent,6480,"Providence-Fall River-Warwick, RI-MA MSA",02,WEST WARWICK,96,96,Insured-Subsidized,Y,1978-12-01 00:00:00,N,N,N,N,N,N,N,Y,N,N,N,Y,N,N,N,N,N,N,N,Y,Y,N,N,N,N,N,Y,N,Y,N,N,N,N,N
17503,Boston,Providence,800019359,OMNI MAPLE GARDENS,29-B MCGUIRE RD,,NORTH PROVIDENCE,RI,RHODE ISLAND,2904.0,3763.0,7.0,Providence,9999,,01,NORTH PROVIDENCE,90,90,Insured-Subsidized,Y,1977-07-01 00:00:00,N,N,N,N,N,N,N,Y,N,N,N,Y,N,N,N,N,N,N,N,Y,Y,N,N,Y,N,N,Y,N,Y,N,N,N,N,N
17504,Boston,Providence,800019360,MAPLE GARDENS II,25-F MCGUIRE RD,,NORTH PROVIDENCE,RI,RHODE ISLAND,2904.0,3762.0,7.0,Providence,9999,,01,NORTH PROVIDENCE,90,90,Insured-Subsidized,Y,1979-12-01 00:00:00,N,N,N,N,N,N,N,Y,N,N,N,Y,N,N,N,N,N,N,N,Y,Y,N,N,N,N,N,Y,N,Y,N,N,N,N,N
17505,Boston,Providence,800019361,MAPLEWOOD TERRACE,50 West DR,,PROVIDENCE,RI,RHODE ISLAND,2904.0,2000.0,7.0,Providence,6480,"Providence-Fall River-Warwick, RI-MA MSA",01,PROVIDENCE,111,112,Insured-Subsidized,Y,1985-01-24 00:00:00,N,N,N,N,N,N,Y,Y,N,N,N,Y,N,N,Y,N,N,N,N,Y,N,N,N,N,N,N,Y,N,N,N,N,N,N,Y
17506,Boston,Providence,800019362,MARVIN GARDENS I,141 OAK ST,,PROVIDENCE,RI,RHODE ISLAND,2909.0,2046.0,7.0,Providence,6480,"Providence-Fall River-Warwick, RI-MA MSA",02,PROVIDENCE,121,121,Insured-Subsidized,Y,1980-01-23 00:00:00,N,N,N,N,N,N,N,Y,N,N,N,Y,N,N,N,N,N,N,N,Y,Y,N,N,N,N,N,Y,N,Y,N,N,N,N,N
17507,Boston,Providence,800019363,MARVIN GARDENS II,1688 WESTMINSTER ST,,PROVIDENCE,RI,RHODE ISLAND,2907.0,1845.0,7.0,Providence,6480,"Providence-Fall River-Warwick, RI-MA MSA",02,PROVIDENCE,24,24,"Subsidized, No HUD Financing",Y,1982-11-12 00:00:00,N,N,N,N,N,N,N,N,N,N,N,Y,N,N,N,N,N,N,N,Y,N,N,N,N,N,N,Y,N,Y,N,N,N,N,N
17508,Boston,Providence,800019364,MATTHEW XXV,359 GREENWICH AVENUE,,WARWICK,RI,RHODE ISLAND,2886.0,1641.0,3.0,Kent,6480,"Providence-Fall River-Warwick, RI-MA MSA",02,WARWICK,94,95,Insured-Subsidized,Y,1978-06-19 00:00:00,N,N,N,N,N,N,N,Y,N,N,N,Y,N,N,N,N,N,N,N,Y,Y,N,N,N,N,N,Y,N,Y,N,N,N,N,N
17509,Boston,Providence,800019365,PHOENIX APARTMENTS,570-574-576 CRANSTON ST,,PROVIDENCE,RI,RHODE ISLAND,2907.0,2809.0,7.0,Providence,6480,"Providence-Fall River-Warwick, RI-MA MSA",01,Providence,83,83,Insured-Subsidized,Y,1980-11-01 00:00:00,N,N,N,N,N,N,N,Y,N,N,N,Y,N,N,N,N,N,N,N,Y,Y,N,N,N,N,N,Y,N,Y,N,N,N,N,N
17510,Boston,Providence,800019366,MELROSE APTS,181 ADELAIDE AVE,,PROVIDENCE,RI,RHODE ISLAND,2907.0,1867.0,7.0,Providence,6480,"Providence-Fall River-Warwick, RI-MA MSA",01,Providence,0,42,Use Restriction,N,1983-09-18 00:00:00,N,N,N,N,N,N,N,N,N,N,N,N,N,N,N,N,N,N,N,N,N,N,Y,N,N,N,N,N,N,N,N,N,N,N
17511,Boston,Providence,800019369,MERCHANTS VILLAGE,25 CLARK ST,,WESTERLY,RI,RHODE ISLAND,2891.0,2144.0,9.0,Washington,5520,"New London-Norwich, CT-RI MSA",02,WESTERLY,115,116,Insured-Subsidized,Y,1982-06-01 00:00:00,N,N,N,N,N,N,Y,Y,N,N,N,Y,N,N,Y,N,N,N,N,Y,N,N,N,N,N,N,Y,N,Y,N,N,N,N,N
17512,Boston,Providence,800019370,MESHANTICUT  VISTA,225 NEW LONDON AVE,,CRANSTON,RI,RHODE ISLAND,2920.0,5656.0,7.0,Providence,6480,"Providence-Fall River-Warwick, RI-MA MSA",02,CRANSTON,139,140,Insured-Subsidized,Y,1981-04-09 00:00:00,N,N,N,N,N,N,Y,Y,N,N,N,Y,N,N,Y,N,N,N,N,Y,N,N,N,N,N,N,Y,N,Y,N,N,N,N,N
17513,Boston,Providence,800019372,METCALF COURT II,557 VEAZIE ST,,PROVIDENCE,RI,RHODE ISLAND,2904.0,1058.0,7.0,Providence,6480,"Providence-Fall River-Warwick, RI-MA MSA",01,PROVIDENCE,148,148,Insured-Subsidized,Y,1977-11-25 00:00:00,N,N,N,N,N,N,N,Y,N,N,N,Y,N,N,N,N,N,N,N,Y,Y,N,N,N,N,N,Y,N,Y,N,N,N,N,N
17514,Boston,Providence,800019373,MILL RIVER COMMUNITY APARTMENTS,151 LIBERTY ST,,CENTRAL FALLS,RI,RHODE ISLAND,2863.0,1749.0,7.0,Providence,6480,"Providence-Fall River-Warwick, RI-MA MSA",01,CENTRAL FALLS,14,14,202/811,Y,1992-07-28 00:00:00,N,N,N,N,N,N,N,N,N,N,N,Y,Y,N,N,N,N,N,N,Y,N,N,N,N,N,N,Y,Y,N,N,N,N,N,N
17515,Boston,Providence,800019374,MINERAL SPRING GARDENS,1905 MINERAL SPRING AVE,,NORTH PROVIDENCE,RI,RHODE ISLAND,2911.0,3782.0,7.0,Providence,6480,"Providence-Fall River-Warwick, RI-MA MSA",01,NORTH PROVIDENCE,139,140,Insured-Subsidized,Y,1981-04-01 00:00:00,N,N,N,N,N,N,N,Y,N,N,N,Y,N,N,N,N,N,N,N,Y,Y,N,N,N,N,N,Y,N,Y,N,N,N,N,N
17516,Boston,Providence,800019377,MUMFORD MANOR,39 FAREWELL ST,,NEWPORT,RI,RHODE ISLAND,2840.0,2580.0,5.0,Newport,9999,,01,NEWPORT,34,34,Insured-Subsidized,Y,1984-05-01 00:00:00,N,N,N,N,N,N,N,Y,N,N,N,Y,N,N,N,N,N,N,N,Y,Y,N,Y,N,N,N,Y,Y,N,N,N,N,N,N
17517,Boston,Providence,800019378,PROVIDENCE NEW CITY APTS,17 Gordon Ave Ste 1,,Providence,RI,RHODE ISLAND,2905.0,1951.0,7.0,Providence,6480,"Providence-Fall River-Warwick, RI-MA MSA",01,Providence,0,100,Other Subsidy Servicing Required (Only),N,1980-03-15 00:00:00,N,N,N,N,N,N,N,N,N,N,N,N,N,N,N,N,N,N,N,N,N,N,N,Y,N,N,N,N,N,N,N,N,N,N
17518,Boston,Providence,800019380,NORTHERN PLAZA,301 MAIN ST,,PAWTUCKET,RI,RHODE ISLAND,2860.0,2965.0,7.0,Providence,6480,"Providence-Fall River-Warwick, RI-MA MSA",01,PAWTUCKET,100,100,Insured-Subsidized,Y,1985-01-16 00:00:00,N,N,N,N,N,N,N,Y,N,N,N,Y,N,N,N,N,N,N,N,Y,Y,N,N,N,N,N,Y,N,Y,N,N,N,N,N
17519,Boston,Providence,800019381,VALLEY APARTMENTS,1 VALLEY ST,,PROVIDENCE,RI,RHODE ISLAND,2909.0,2403.0,7.0,Providence,6480,"Providence-Fall River-Warwick, RI-MA MSA",02,PROVIDENCE,154,154,Insured-Subsidized,Y,1972-12-12 00:00:00,N,N,N,N,N,N,N,Y,N,N,N,Y,N,N,N,N,N,N,N,Y,Y,Y,Y,N,N,N,Y,N,N,Y,N,N,N,N
17520,Boston,Providence,800019382,OXBOW FARMS,80 Rogers Ln,,Middletown,RI,RHODE ISLAND,2842.0,4527.0,5.0,Newport,9999,,01,NEWPORT EAST,120,302,Subsidized - Previously Insured,Y,1973-11-01 00:00:00,N,N,N,N,N,N,N,N,N,N,N,Y,N,N,N,N,N,N,N,Y,N,N,N,N,N,N,Y,N,N,Y,N,N,N,N
17521,Boston,Providence,800019383,OXFORD PLACE,200 GORDON AVE,,PROVIDENCE,RI,RHODE ISLAND,2910.0,1840.0,7.0,Providence,6480,"Providence-Fall River-Warwick, RI-MA MSA",01,Providence,78,78,Subsidized - Previously Insured,Y,1978-01-25 00:00:00,N,N,N,N,N,N,N,N,N,N,N,Y,N,N,N,N,N,N,N,Y,N,N,Y,N,N,N,Y,N,Y,N,N,N,N,N
17522,Boston,Providence,800019384,PARK PLAZA,20 PARK ST,,JOHNSTON,RI,RHODE ISLAND,2919.0,6347.0,7.0,Providence,6480,"Providence-Fall River-Warwick, RI-MA MSA",02,,62,62,Subsidized - Previously Insured,Y,1973-09-24 00:00:00,N,N,N,N,N,N,N,N,N,N,N,Y,N,N,N,N,N,N,N,Y,N,N,Y,N,N,N,Y,N,N,Y,N,N,N,N
17523,Boston,Providence,800019385,Charlesgate Park,369 MONTGOMERY AVE,,PROVIDENCE,RI,RHODE ISLAND,2905.0,1306.0,7.0,Providence,6480,"Providence-Fall River-Warwick, RI-MA MSA",01,Providence,100,100,Insured-Subsidized,Y,1978-06-19 00:00:00,N,N,N,N,N,N,N,Y,N,N,N,Y,N,N,N,N,N,N,N,Y,Y,N,Y,N,N,N,Y,N,Y,N,N,N,N,N
17524,Boston,Providence,800019386,PARKIS PLACE,9 PARKIS AVE,,PROVIDENCE,RI,RHODE ISLAND,2907.0,1439.0,7.0,Providence,6480,"Providence-Fall River-Warwick, RI-MA MSA",01,Providence,108,108,Insured-Subsidized,Y,1973-05-22 00:00:00,N,N,N,N,N,N,N,Y,N,N,N,Y,N,N,N,N,N,N,N,Y,Y,Y,N,N,N,N,Y,N,N,Y,N,N,N,N
17525,Boston,Providence,800019387,PARKWAY TOWER,10 OFFICE PKY,,EAST PROVIDENCE,RI,RHODE ISLAND,2915.0,1632.0,7.0,Providence,6480,"Providence-Fall River-Warwick, RI-MA MSA",01,EAST PROVIDENCE,103,104,Insured-Subsidized,Y,1978-07-17 00:00:00,N,N,N,N,N,N,N,Y,N,N,N,Y,N,N,N,N,N,N,N,Y,Y,N,N,N,N,N,Y,N,Y,N,N,N,N,N
17526,Boston,Providence,800019388,PEACE DALE HOUSE,1221 SAUGATUCKET RD,,PEACE DALE,RI,RHODE ISLAND,2883.0,2120.0,9.0,Washington,6480,"Providence-Fall River-Warwick, RI-MA MSA",02,,99,100,Insured-Subsidized,Y,1980-07-25 00:00:00,N,N,N,N,N,N,Y,Y,N,N,N,Y,N,N,N,N,N,N,N,Y,N,N,Y,N,N,N,Y,Y,N,N,N,N,N,N
17527,Boston,Providence,800019389,PEMBERTON PLACE,57 PEMBERTON AVE,,JAMESTOWN,RI,RHODE ISLAND,2835.0,1477.0,5.0,Newport,6480,"Providence-Fall River-Warwick, RI-MA MSA",01,,12,12,202/811,Y,1991-03-19 00:00:00,N,N,N,N,N,N,N,N,N,N,N,Y,Y,N,N,N,N,N,N,Y,N,N,N,N,N,N,Y,Y,N,N,N,N,N,N
17528,Boston,Providence,800019390,PIERCE MANOR,20 GRAND ST,,PROVIDENCE,RI,RHODE ISLAND,2907.0,3068.0,7.0,Providence,6480,"Providence-Fall River-Warwick, RI-MA MSA",01,Providence,83,84,Insured-Subsidized,Y,1981-08-28 00:00:00,N,N,N,N,N,N,N,Y,N,N,N,Y,N,N,N,N,N,N,N,Y,Y,N,N,N,N,N,Y,Y,N,N,N,N,N,N
17529,Boston,Providence,800019391,PLAZA VILLAGE,180 Village Road,,WOONSOCKET,RI,RHODE ISLAND,2895.0,2407.0,7.0,Providence,6480,"Providence-Fall River-Warwick, RI-MA MSA",01,WOONSOCKET,116,228,Subsidized - Previously Insured,Y,1975-09-01 00:00:00,N,N,N,N,N,N,N,N,N,N,N,Y,N,N,N,N,N,N,N,Y,N,N,N,N,N,N,Y,N,N,Y,N,N,N,N
17530,Boston,Providence,800019392,POCASSET MANOR,20 KELLEY ST,,PROVIDENCE,RI,RHODE ISLAND,2909.0,2951.0,7.0,Providence,6480,"Providence-Fall River-Warwick, RI-MA MSA",02,PROVIDENCE,82,82,Insured-Subsidized,Y,1982-12-01 00:00:00,N,N,N,N,N,N,N,Y,N,N,N,Y,N,N,N,N,N,N,N,Y,Y,N,N,N,N,N,Y,N,Y,N,N,N,N,N
17531,Boston,Providence,800019394,ROGER & ROGER APARTMENTS,34 Adams ST,,WOONSOCKET,RI,RHODE ISLAND,2895.0,1306.0,7.0,Providence,6480,"Providence-Fall River-Warwick, RI-MA MSA",01,WOONSOCKET,0,22,Flexible Subsidy,Y,1972-04-10 00:00:00,N,N,N,N,N,N,N,N,N,N,N,N,N,N,N,N,N,N,N,N,N,N,N,N,N,N,N,N,N,N,N,N,N,N
17532,Boston,Providence,800019395,RAND PLACE,250 RAND ST,,CENTRAL FALLS,RI,RHODE ISLAND,2863.0,2569.0,7.0,Providence,6480,"Providence-Fall River-Warwick, RI-MA MSA",01,CENTRAL FALLS,117,118,"Subsidized, No HUD Financing",Y,1982-08-01 00:00:00,N,N,N,N,N,N,N,N,N,N,N,Y,N,N,N,N,N,N,N,Y,N,N,N,N,N,N,Y,N,Y,N,N,N,N,N
17533,Boston,Providence,800019396,REDFERN GROVE,2936 PAWTUCKET AVE,,EAST PROVIDENCE,RI,RHODE ISLAND,2915.0,4967.0,7.0,Providence,6480,"Providence-Fall River-Warwick, RI-MA MSA",01,EAST PROVIDENCE,72,72,Insured-Subsidized,Y,1981-08-01 00:00:00,N,N,N,N,N,N,N,Y,N,N,N,Y,N,N,N,N,N,N,N,Y,Y,N,N,N,N,N,Y,N,Y,N,N,N,N,N
17534,Boston,Providence,800019397,RIVEREDGE VILLAGE,993 MANTON AVE,,PROVIDENCE,RI,RHODE ISLAND,2909.0,5640.0,7.0,Providence,6480,"Providence-Fall River-Warwick, RI-MA MSA",02,PROVIDENCE,99,99,Insured-Subsidized,Y,1981-08-01 00:00:00,N,N,N,N,N,N,N,Y,N,N,N,Y,N,N,N,N,N,N,N,Y,Y,N,N,N,N,N,Y,N,Y,N,N,N,N,N
17535,Boston,Providence,800019398,RIVERBEND APARTMENTS,575 DYER AVE,,CRANSTON,RI,RHODE ISLAND,2920.0,5208.0,7.0,Providence,6480,"Providence-Fall River-Warwick, RI-MA MSA",02,CRANSTON,168,168,Insured-Subsidized,Y,1972-06-01 00:00:00,N,N,N,N,N,N,Y,Y,N,N,N,Y,N,N,Y,N,N,N,N,Y,N,N,N,N,N,N,Y,N,N,Y,N,N,N,N
17536,Boston,Providence,800019399,RIVERSIDE HOUSE,1061 WILLETT AVE,,EAST PROVIDENCE,RI,RHODE ISLAND,2915.0,2055.0,7.0,Providence,6480,"Providence-Fall River-Warwick, RI-MA MSA",01,EAST PROVIDENCE,55,55,Insured-Subsidized,Y,1983-11-01 00:00:00,N,N,N,N,N,N,N,Y,N,N,N,Y,N,N,N,N,N,N,N,Y,Y,N,N,N,N,N,Y,N,Y,N,N,N,N,N
17537,Boston,Providence,800019400,RIVERSIDE VILLAGE,1 FLAT ST,,CUMBERLAND,RI,RHODE ISLAND,2864.0,2349.0,7.0,Providence,6480,"Providence-Fall River-Warwick, RI-MA MSA",01,CUMBERLAND HILL,88,88,Insured-Subsidized,Y,1978-10-12 00:00:00,N,N,N,N,N,N,N,Y,N,N,N,Y,N,N,N,N,N,N,N,Y,Y,N,N,Y,N,N,Y,N,N,N,N,N,Y,N
17538,Boston,Providence,800019401,RIVERSTONE APARTMENTS,475 SCHOOL ST,,PAWTUCKET,RI,RHODE ISLAND,2860.0,5730.0,7.0,Providence,6480,"Providence-Fall River-Warwick, RI-MA MSA",01,PAWTUCKET,102,102,Insured-Subsidized,Y,1980-09-24 00:00:00,N,N,N,N,N,N,N,Y,N,N,N,Y,N,N,N,N,N,N,N,Y,Y,N,N,N,N,N,Y,Y,N,N,N,N,N,N
17539,Boston,Providence,800019402,ROCK RIDGE APARTMENTS,271 ROCK  RIDGE DR,,WOONSOCKET,RI,RHODE ISLAND,2895.0,2536.0,7.0,Providence,6480,"Providence-Fall River-Warwick, RI-MA MSA",01,WOONSOCKET,111,151,Insured-Subsidized,Y,1974-12-01 00:00:00,N,N,N,N,N,N,N,Y,N,N,N,Y,N,N,N,N,N,N,N,Y,Y,N,Y,N,N,N,Y,N,N,Y,N,N,N,N
17540,Boston,Providence,800019403,ROCKLAND OAKS,104 ROCKLAND RD,,SCITUATE,RI,RHODE ISLAND,2857.0,1936.0,7.0,Providence,6480,"Providence-Fall River-Warwick, RI-MA MSA",02,,24,24,"Subsidized, No HUD Financing",Y,1984-06-18 00:00:00,N,N,N,N,N,N,N,N,N,N,N,Y,N,N,N,N,N,N,N,Y,N,N,N,N,N,N,Y,N,N,N,N,N,N,N
17541,Boston,Providence,800019404,BOUCHER APARTMENTS,30 Willow ST,,WOONSOCKET,RI,RHODE ISLAND,2895.0,4556.0,7.0,Providence,6480,"Providence-Fall River-Warwick, RI-MA MSA",01,WOONSOCKET,74,74,Insured-Subsidized,Y,1991-09-10 00:00:00,N,N,N,N,N,N,Y,Y,N,N,N,Y,N,N,N,N,N,N,N,Y,N,N,N,N,Y,N,Y,Y,N,N,N,N,N,N
17542,Boston,Providence,800019406,RUMFORD TOWERS,95 NEWMAN AVE,,EAST PROVIDENCE,RI,RHODE ISLAND,2916.0,1931.0,7.0,Providence,6480,"Providence-Fall River-Warwick, RI-MA MSA",01,EAST PROVIDENCE,294,294,Insured-Subsidized,Y,1980-03-01 00:00:00,N,N,N,N,N,N,N,Y,N,N,N,Y,N,N,N,N,N,N,N,Y,Y,N,N,N,N,N,Y,N,Y,N,N,N,N,N
17543,Boston,Providence,800019408,SHALOM II,2 Shalom Drive,,WARWICK,RI,RHODE ISLAND,2886.0,1621.0,3.0,Kent,6480,"Providence-Fall River-Warwick, RI-MA MSA",02,WARWICK,53,53,202/811,Y,1996-03-18 00:00:00,N,N,N,N,N,N,N,N,N,N,N,Y,Y,N,N,N,N,N,N,Y,N,N,Y,N,N,Y,N,N,N,N,N,N,N,N
17544,Boston,Providence,800019409,SLATER HOUSE,10 Goff ST,,PAWTUCKET,RI,RHODE ISLAND,2860.0,2955.0,7.0,Providence,6480,"Providence-Fall River-Warwick, RI-MA MSA",01,PAWTUCKET,86,86,Insured-Subsidized,Y,1972-03-02 00:00:00,N,N,N,N,N,N,Y,Y,N,N,N,Y,N,N,N,N,N,N,N,Y,N,N,N,N,N,N,Y,N,N,Y,N,N,N,N
17545,Boston,Providence,800019412,SCITUATE VISTA,115 Scituate Vista Drive,,CRANSTON,RI,RHODE ISLAND,2921.0,1723.0,7.0,Providence,6480,"Providence-Fall River-Warwick, RI-MA MSA",02,CRANSTON,230,232,Insured-Subsidized,Y,1983-03-01 00:00:00,N,N,N,N,N,N,Y,Y,N,N,N,Y,N,N,N,N,N,N,N,Y,N,N,N,N,N,N,Y,N,Y,N,N,N,N,N
17546,Boston,Providence,800019413,SHALOM APTS,1 SHALOM DR,,WARWICK,RI,RHODE ISLAND,2886.0,1642.0,3.0,Kent,6480,"Providence-Fall River-Warwick, RI-MA MSA",02,WARWICK,100,101,202/811,Y,1980-02-01 00:00:00,N,N,N,N,N,N,N,N,N,N,N,Y,Y,N,N,N,N,N,N,Y,N,N,Y,N,N,N,Y,Y,N,N,N,N,N,N
17547,Boston,Providence,800019414,SHORESIDE,300 SIXTH ST,,EAST GREENWICH,RI,RHODE ISLAND,2818.0,3155.0,3.0,Kent,6480,"Providence-Fall River-Warwick, RI-MA MSA",02,,106,107,"Subsidized, No HUD Financing",Y,1978-06-07 00:00:00,N,N,N,N,N,N,N,N,N,N,N,Y,N,N,N,N,N,N,N,Y,N,N,N,N,N,N,Y,N,Y,N,N,N,N,N
17548,Boston,Providence,800019415,SIMMONS VILLAGE III,349 SIMMONSVILLE AVE,,JOHNSTON,RI,RHODE ISLAND,2919.0,6063.0,7.0,Providence,6480,"Providence-Fall River-Warwick, RI-MA MSA",02,,128,128,"Subsidized, No HUD Financing",Y,1983-05-01 00:00:00,N,N,N,N,N,N,N,N,N,N,N,Y,N,N,N,N,N,N,N,Y,N,N,N,N,N,N,Y,N,Y,N,N,N,N,N
17549,Boston,Providence,800019416,SIMMONS VILLAGE I,343 SIMMONSVILLE AVE,,JOHNSTON,RI,RHODE ISLAND,2919.0,6058.0,7.0,Providence,6480,"Providence-Fall River-Warwick, RI-MA MSA",02,,172,172,"Subsidized, No HUD Financing",Y,1980-06-01 00:00:00,N,N,N,N,N,N,N,N,N,N,N,Y,N,N,N,N,N,N,N,Y,N,N,N,N,N,N,Y,N,Y,N,N,N,N,N
17550,Boston,Providence,800019417,SIMMONS VILLAGE II,345 SIMMONSVILLE AVE,,JOHNSTON,RI,RHODE ISLAND,2919.0,6029.0,7.0,Providence,6480,"Providence-Fall River-Warwick, RI-MA MSA",02,,102,102,"Subsidized, No HUD Financing",Y,1982-09-01 00:00:00,N,N,N,N,N,N,N,N,N,N,N,Y,N,N,N,N,N,N,N,Y,N,N,N,N,N,N,Y,N,Y,N,N,N,N,N
17551,Boston,Providence,800019418,SLATER HILL APARTMENTS,10 GEORGE ST,,PAWTUCKET,RI,RHODE ISLAND,2860.0,4053.0,7.0,Providence,6480,"Providence-Fall River-Warwick, RI-MA MSA",01,PAWTUCKET,152,152,Insured-Subsidized,Y,1974-01-01 00:00:00,N,N,N,N,N,N,Y,Y,N,N,N,Y,N,N,N,N,N,N,N,Y,N,N,N,N,N,N,Y,N,N,Y,N,N,N,N
17552,Boston,Providence,800019419,SOUTH WINDS,29 SOUTH PIER RD,,NARRAGANSETT,RI,RHODE ISLAND,2882.0,3761.0,9.0,Washington,6480,"Providence-Fall River-Warwick, RI-MA MSA",02,NARRAGANSETT PIER,48,48,Insured-Subsidized,Y,1980-09-01 00:00:00,N,N,N,N,N,N,N,Y,N,N,N,Y,N,N,N,N,N,N,N,Y,Y,N,N,N,N,N,Y,N,Y,N,N,N,N,N
17553,Boston,Providence,800019420,SPARROWS POINT II,777 COWESETT RD,,WARWICK,RI,RHODE ISLAND,2886.0,6667.0,3.0,Kent,6480,"Providence-Fall River-Warwick, RI-MA MSA",02,WARWICK,150,151,Insured-Subsidized,Y,1979-07-01 00:00:00,N,N,N,N,N,N,Y,Y,N,N,N,Y,N,N,Y,N,N,N,N,Y,N,N,N,N,N,N,Y,N,Y,N,N,N,N,N
17554,Boston,Providence,800019421,SPARROWS POINT I,311 HARDIG RD,,WARWICK,RI,RHODE ISLAND,2886.0,6668.0,3.0,Kent,6480,"Providence-Fall River-Warwick, RI-MA MSA",02,WARWICK,150,151,Insured-Subsidized,Y,1979-03-01 00:00:00,N,N,N,N,N,N,Y,Y,N,N,N,Y,N,N,Y,N,N,N,N,Y,N,N,N,N,N,N,Y,N,Y,N,N,N,N,N
17555,Boston,Providence,800019422,SPARROWS POINT III,355 HARDIG RD,,WARWICK,RI,RHODE ISLAND,2886.0,6608.0,3.0,Kent,6480,"Providence-Fall River-Warwick, RI-MA MSA",02,WARWICK,175,176,Insured-Subsidized,Y,1983-03-01 00:00:00,N,N,N,N,N,N,Y,Y,N,N,N,Y,N,N,Y,N,N,N,N,Y,N,N,N,N,N,N,Y,N,Y,N,N,N,N,N
17556,Boston,Providence,800019423,SPRING VILLA APTS,20 MCGUIRE RD,,NORTH PROVIDENCE,RI,RHODE ISLAND,2904.0,3735.0,7.0,Providence,6480,"Providence-Fall River-Warwick, RI-MA MSA",01,NORTH PROVIDENCE,100,100,Insured-Subsidized,Y,1974-04-01 00:00:00,N,N,N,N,N,N,N,Y,N,N,N,Y,N,N,N,N,N,N,N,Y,Y,Y,Y,N,N,N,Y,N,N,Y,N,N,N,N
17557,Boston,Providence,800019424,STILLWATER APARTMENTS,155 MAIN ST,HARRISVILLE,BURRILLVILLE,RI,RHODE ISLAND,2830.0,1413.0,7.0,Providence,9999,,**,,15,15,Insured-Subsidized,Y,1981-07-01 00:00:00,N,N,N,N,N,N,N,Y,N,N,N,Y,N,N,N,N,N,N,N,Y,Y,N,N,N,N,N,Y,N,Y,N,N,N,N,N
17558,Boston,Providence,800019425,STRATFORD HOUSE,675 Elmwood AVE,,PROVIDENCE,RI,RHODE ISLAND,2907.0,3360.0,7.0,Providence,6480,"Providence-Fall River-Warwick, RI-MA MSA",01,Providence,65,65,"Subsidized, No HUD Financing",Y,1980-07-01 00:00:00,N,N,N,N,N,N,N,N,N,N,N,Y,N,N,N,N,N,N,N,Y,N,N,N,N,N,N,Y,N,Y,N,N,N,N,N
17559,Boston,Providence,800019426,ADELANTE APARTMENTS,15 VINEYARD STREET,,PROVIDENCE,RI,RHODE ISLAND,2907.0,2959.0,7.0,Providence,6480,"Providence-Fall River-Warwick, RI-MA MSA",01,Providence,52,53,202/811,Y,1995-11-06 00:00:00,N,N,N,N,N,N,N,N,N,N,N,Y,Y,N,N,N,N,N,N,Y,N,N,N,N,N,Y,N,N,N,N,N,N,N,N
17560,Boston,Providence,800019427,TAUNTON PLAZA,20 Wheldon Avenue,,EAST PROVIDENCE,RI,RHODE ISLAND,2914.0,3735.0,7.0,Providence,6480,"Providence-Fall River-Warwick, RI-MA MSA",01,EAST PROVIDENCE,103,103,"Subsidized, No HUD Financing",Y,1980-09-01 00:00:00,N,N,N,N,N,N,N,N,N,N,N,Y,N,N,N,N,N,N,N,Y,N,N,N,N,N,N,Y,N,Y,N,N,N,N,N
17561,Boston,Providence,800019429,VILLITA APARTMENTS,625 PUBLIC ST,,PROVIDENCE,RI,RHODE ISLAND,2907.0,1672.0,7.0,Providence,6480,"Providence-Fall River-Warwick, RI-MA MSA",01,Providence,17,17,Subsidized - Previously Insured,Y,1981-11-01 00:00:00,N,N,N,N,N,N,N,N,N,N,N,Y,N,N,N,N,N,N,N,Y,N,N,N,N,N,N,Y,N,Y,N,N,N,N,N
17562,Boston,Providence,800019430,THE ELMS,59 COWESETT AVE,,WEST WARWICK,RI,RHODE ISLAND,2893.0,3248.0,3.0,Kent,6480,"Providence-Fall River-Warwick, RI-MA MSA",02,WEST WARWICK,120,120,Insured-Subsidized,Y,1979-03-15 00:00:00,N,N,N,N,N,N,N,Y,N,N,N,Y,N,N,N,N,N,N,N,Y,Y,N,N,N,N,N,Y,N,Y,N,N,N,N,N
17563,Boston,Providence,800019431,TOWERS EAST,75 EAST AVE,,PAWTUCKET,RI,RHODE ISLAND,2860.0,4015.0,7.0,Providence,6480,"Providence-Fall River-Warwick, RI-MA MSA",01,PAWTUCKET,148,148,Insured-Subsidized,Y,1976-12-02 00:00:00,N,N,N,N,N,N,Y,Y,N,N,N,Y,N,N,N,N,N,N,N,Y,N,N,Y,N,N,N,Y,N,N,Y,N,N,N,N
17564,Boston,Providence,800019432,WINSLOW GARDENS,40 IRVING AVENUE,,EAST PROVIDENCE,RI,RHODE ISLAND,2914.0,2301.0,7.0,Providence,6480,"Providence-Fall River-Warwick, RI-MA MSA",01,EAST PROVIDENCE,0,111,202/811,Y,1972-01-01 00:00:00,N,N,N,N,N,N,N,N,N,N,N,Y,Y,N,N,N,N,N,Y,Y,N,N,Y,Y,N,N,N,N,N,N,N,N,N,N
17565,Boston,Providence,800019433,UNIVERSITY RESIDENCE,1 Stephen Hopkins Crt,,PROVIDENCE,RI,RHODE ISLAND,2904.0,2842.0,7.0,Providence,6480,"Providence-Fall River-Warwick, RI-MA MSA",01,PROVIDENCE,95,95,Subsidized - Previously Insured,Y,,N,N,N,N,N,N,N,N,N,N,N,Y,N,N,N,N,N,N,N,Y,N,N,N,N,N,N,Y,N,N,Y,N,N,N,N
17566,Boston,Providence,800019434,VILLA EXCELSIOR,861 BROAD ST,,PROVIDENCE,RI,RHODE ISLAND,2907.0,1768.0,7.0,Providence,6480,"Providence-Fall River-Warwick, RI-MA MSA",01,Providence,76,76,Insured-Subsidized,Y,1982-11-03 00:00:00,N,N,N,N,Y,N,Y,Y,N,N,N,Y,N,N,Y,N,N,N,N,Y,N,N,Y,N,N,N,Y,N,N,N,N,N,N,Y
17567,Boston,Providence,800019436,VINCENT J DOYLE,300 BROADWAY,,PAWTUCKET,RI,RHODE ISLAND,2860.0,2254.0,7.0,Providence,6480,"Providence-Fall River-Warwick, RI-MA MSA",01,PAWTUCKET,82,83,Insured-Subsidized,Y,1983-01-01 00:00:00,N,N,N,N,N,N,Y,Y,N,N,N,Y,N,N,N,N,N,N,N,Y,N,N,N,N,N,N,Y,N,Y,N,N,N,N,N
17568,Boston,Providence,800019439,WICKFORD VILLAGE,58 INTREPID RD,,NORTH KINGSTOWN,RI,RHODE ISLAND,2852.0,4911.0,9.0,Washington,9999,,02,,124,129,Insured-Subsidized,Y,1977-12-12 00:00:00,N,N,N,N,N,N,N,Y,N,N,N,Y,N,N,N,N,N,N,N,Y,Y,N,N,N,N,N,Y,N,N,N,N,N,N,Y
17569,Boston,Providence,800019440,WALNUT HILL APTS,2305 DIAMOND HILL RD,,WOONSOCKET,RI,RHODE ISLAND,2895.0,1677.0,7.0,Providence,6480,"Providence-Fall River-Warwick, RI-MA MSA",01,WOONSOCKET,104,125,Insured-Subsidized,Y,1973-07-01 00:00:00,N,N,N,N,N,N,Y,Y,N,N,N,Y,N,N,Y,N,N,N,N,Y,N,N,N,N,N,N,Y,N,N,Y,N,N,N,N
17570,Boston,Providence,800019441,WAMPANOAG VILLAGE,850 WARREN AVE,,EAST PROVIDENCE,RI,RHODE ISLAND,2914.0,1418.0,7.0,Providence,6480,"Providence-Fall River-Warwick, RI-MA MSA",01,EAST PROVIDENCE,72,72,"Subsidized, No HUD Financing",Y,1980-08-01 00:00:00,N,N,N,N,N,N,N,N,N,N,N,Y,N,N,N,N,N,N,N,Y,N,N,N,N,N,N,Y,N,Y,N,N,N,N,N
17571,Boston,Providence,800019442,WASHINGTON HILL,10 Wake Robin Rd Bldg 104,,LINCOLN,RI,RHODE ISLAND,2865.0,4209.0,7.0,Providence,6480,"Providence-Fall River-Warwick, RI-MA MSA",01,,120,121,Insured-Subsidized,Y,1981-04-01 00:00:00,N,N,N,N,N,N,N,Y,N,N,N,Y,N,N,N,N,N,N,N,Y,N,N,N,N,N,N,Y,N,Y,N,N,N,N,N
17572,Boston,Providence,800019443,WATERVIEW APTS,300 PRIVILEGE ST,,WOONSOCKET,RI,RHODE ISLAND,2895.0,1201.0,7.0,Providence,6480,"Providence-Fall River-Warwick, RI-MA MSA",01,WOONSOCKET,91,100,Insured-Subsidized,Y,1974-12-01 00:00:00,N,N,N,N,N,N,N,Y,N,N,N,Y,N,N,N,N,N,N,N,Y,Y,Y,Y,N,N,N,Y,N,N,Y,N,N,N,N
17573,Boston,Providence,800019444,WESTCOTT TERRACE,319 PROVIDENCE STREET,,WEST WARWICK,RI,RHODE ISLAND,2893.0,2033.0,3.0,Kent,6480,"Providence-Fall River-Warwick, RI-MA MSA",02,WEST WARWICK,155,156,Insured-Subsidized,Y,1983-09-15 00:00:00,N,N,N,N,N,N,Y,Y,N,N,N,Y,N,N,N,N,N,N,N,Y,N,N,N,N,N,N,Y,N,Y,N,N,N,N,N
17574,Boston,Providence,800019445,"SAINT ELIZABETH PLACE, PROVIDENCE",700 WESTMINSTER ST,,PROVIDENCE,RI,RHODE ISLAND,2903.0,4066.0,7.0,Providence,6480,"Providence-Fall River-Warwick, RI-MA MSA",02,PROVIDENCE,149,150,Insured-Subsidized,Y,1982-07-07 00:00:00,N,N,N,N,N,N,N,Y,N,N,N,Y,N,N,N,N,N,N,N,Y,Y,N,Y,N,N,N,Y,Y,N,N,N,N,N,N
17575,Boston,Providence,800019446,WHITEHALL APTS,170 WATERMAN AVE,,NORTH PROVIDENCE,RI,RHODE ISLAND,2911.0,1048.0,7.0,Providence,6480,"Providence-Fall River-Warwick, RI-MA MSA",01,NORTH PROVIDENCE,49,49,Subsidized - Previously Insured,Y,1975-04-01 00:00:00,N,N,N,N,N,N,N,N,N,N,N,Y,N,N,N,N,N,N,N,Y,N,N,N,N,N,N,Y,N,N,Y,N,N,N,N
17576,Boston,Providence,800019448,WOODLAND APARTMENTS,1 Viero Lane,,COVENTRY,RI,RHODE ISLAND,2816.0,6721.0,3.0,Kent,6480,"Providence-Fall River-Warwick, RI-MA MSA",02,,207,276,Insured-Subsidized,Y,1981-04-09 00:00:00,N,N,N,N,N,N,Y,Y,N,N,N,Y,N,N,Y,N,N,N,N,Y,N,N,N,N,N,N,Y,N,Y,Y,N,N,N,N
17577,Boston,Providence,800019450,WOODLAWN GARDENS,175 Sisson ST,,PAWTUCKET,RI,RHODE ISLAND,2860.0,4932.0,7.0,Providence,6480,"Providence-Fall River-Warwick, RI-MA MSA",01,PAWTUCKET,75,75,"Subsidized, No HUD Financing",Y,1978-10-01 00:00:00,N,N,N,N,N,N,N,N,N,N,N,Y,N,N,N,N,N,N,N,Y,N,N,N,N,N,N,Y,N,Y,N,N,N,N,N
17578,Boston,Providence,800019451,WOONSOCKET VILLAGE,182 CUMBERLAND ST,,WOONSOCKET,RI,RHODE ISLAND,2895.0,4734.0,7.0,Providence,6480,"Providence-Fall River-Warwick, RI-MA MSA",01,WOONSOCKET,122,122,Insured-Subsidized,Y,1974-12-30 00:00:00,N,N,N,N,N,N,N,Y,N,N,N,Y,N,N,N,N,N,N,N,Y,Y,Y,N,N,N,N,Y,N,Y,Y,N,N,N,N
17579,Boston,Providence,800019453,315 PARK AVE,315 PARK AVE,,CRANSTON,RI,RHODE ISLAND,2905.0,1237.0,7.0,Providence,6480,"Providence-Fall River-Warwick, RI-MA MSA",02,CRANSTON,71,71,Insured-Subsidized,Y,1979-11-01 00:00:00,N,N,N,N,N,N,N,Y,N,N,N,Y,N,N,N,N,N,N,N,Y,Y,N,N,N,N,N,Y,N,Y,N,N,N,N,N
21033,Boston,Providence,800027962,HUNTINGTON TOWER,170 BENEDICT ST,,PROVIDENCE,RI,RHODE ISLAND,2909.0,2346.0,7.0,Providence,6480,"Providence-Fall River-Warwick, RI-MA MSA",01,Providence,105,106,Subsidized - Previously Insured,Y,1972-12-29 00:00:00,N,N,N,N,N,N,N,N,N,N,N,Y,N,N,N,N,N,N,N,Y,N,Y,Y,N,N,N,Y,N,N,Y,N,N,N,N
21034,Boston,Providence,800027963,FESTIVAL FIELD,90 Girard Avenue,,NEWPORT,RI,RHODE ISLAND,2840.0,1152.0,5.0,Newport,9999,,01,NEWPORT,204,204,Insured-Subsidized,Y,1974-12-24 00:00:00,N,N,N,N,N,N,N,Y,N,N,N,Y,N,N,N,Y,N,N,N,Y,N,N,N,N,N,N,Y,N,N,Y,N,N,N,N
21035,Boston,Providence,800027964,MOUNT HOPE COURT APARTMENTS,11 Carver Court,,PROVIDENCE,RI,RHODE ISLAND,2906.0,1703.0,7.0,Providence,6480,"Providence-Fall River-Warwick, RI-MA MSA",01,PROVIDENCE,36,36,Insured-Subsidized,Y,1980-04-01 00:00:00,N,N,N,N,N,N,N,Y,N,N,N,Y,N,N,N,N,N,N,N,Y,Y,N,N,N,N,N,Y,N,N,N,Y,N,N,N
21036,Boston,Providence,800027966,WIGGIN VILLAGE APARTMENTS,207 CRANSTON STREET,,PROVIDENCE,RI,RHODE ISLAND,2907.0,2309.0,7.0,Providence,6480,"Providence-Fall River-Warwick, RI-MA MSA",02,PROVIDENCE,285,285,Insured-Subsidized,Y,1968-11-01 00:00:00,N,N,N,N,N,N,N,Y,N,N,N,Y,N,N,Y,N,N,N,N,Y,N,N,Y,N,N,N,Y,N,N,Y,N,N,N,N
21037,OHP,OHP,800027968,CHARLESGATE NURSING CENTER,100 RANDALL STREET,,PROVIDENCE,RI,RHODE ISLAND,2904.0,2723.0,7.0,Providence,6480,"Providence-Fall River-Warwick, RI-MA MSA",01,PROVIDENCE,0,84,Insured-Unsubsidized,Y,1976-04-26 00:00:00,N,Y,N,N,N,N,Y,Y,N,N,N,N,N,N,N,N,N,N,N,N,N,N,N,N,N,N,N,N,N,N,N,N,N,N
21038,OHP,OHP,800027972,BERKSHIRE PLACE,455 Douglas Avenue,,PROVIDENCE,RI,RHODE ISLAND,2908.0,2542.0,7.0,Providence,6480,"Providence-Fall River-Warwick, RI-MA MSA",01,PROVIDENCE,0,116,Insured-Unsubsidized,Y,1995-04-27 00:00:00,N,Y,N,N,N,N,N,Y,N,N,N,N,N,N,N,N,N,N,N,N,N,N,N,N,N,N,N,N,N,N,N,N,N,N
21039,OHP,OHP,800027974,SOUTH COUNTY NURSING HOME,740 OAK HILL ROAD,,NORTH KINGSTOWN,RI,RHODE ISLAND,2852.0,7205.0,9.0,Washington,6480,"Providence-Fall River-Warwick, RI-MA MSA",02,,0,0,Insured-Unsubsidized,Y,1995-04-28 00:00:00,N,Y,N,N,N,N,Y,Y,N,N,N,N,N,N,N,N,N,N,N,N,N,N,N,N,N,N,N,N,N,N,N,N,N,N
21040,OHP,OHP,800027975,THE FRIENDLY HOME,303 RHODES AVENUE,,WOONSOCKET,RI,RHODE ISLAND,2895.0,2821.0,7.0,Providence,6480,"Providence-Fall River-Warwick, RI-MA MSA",01,WOONSOCKET,0,64,Insured-Unsubsidized,Y,1995-10-05 00:00:00,N,Y,N,N,N,N,Y,Y,N,N,N,N,N,N,N,N,N,N,N,N,N,N,N,N,N,N,N,N,N,N,N,N,N,N
21041,Boston,Providence,800027977,ASQAH COOPERATIVE INC,24 ASQAH DR,,NORTH KINGSTOWN,RI,RHODE ISLAND,2852.0,3321.0,9.0,Washington,6480,"Providence-Fall River-Warwick, RI-MA MSA",02,,0,96,Insured-Unsubsidized,Y,1985-06-03 00:00:00,N,N,N,N,N,N,Y,Y,N,N,N,N,N,N,N,N,N,N,N,N,N,N,N,N,N,N,N,N,N,N,N,N,N,N
21042,Boston,Providence,800027990,DOUGLAS MANOR APARTMENTS,1155 DOUGLAS AVE,,NORTH PROVIDENCE,RI,RHODE ISLAND,2904.0,5356.0,7.0,Providence,6480,"Providence-Fall River-Warwick, RI-MA MSA",01,NORTH PROVIDENCE,100,100,Insured-Subsidized,Y,1979-01-16 00:00:00,N,N,N,N,N,N,N,Y,N,N,N,Y,N,N,N,N,N,N,N,Y,Y,N,N,N,N,N,Y,N,Y,N,N,N,N,N
21043,Boston,Providence,800027991,BARBARA JORDAN APTS II,882 Broad Street,,PROVIDENCE,RI,RHODE ISLAND,2907.0,1724.0,7.0,Providence,6480,"Providence-Fall River-Warwick, RI-MA MSA",01,Providence,0,74,HUD Held,Y,1989-07-14 00:00:00,N,N,N,N,Y,N,N,N,N,N,N,N,N,N,Y,N,N,N,N,N,N,N,N,N,N,N,N,N,N,N,N,N,N,N
21044,Boston,Providence,800027993,CATHEDRAL SQUARE APTS II,FOUR CATHEDRAL SQUARE,,PROVIDENCE,RI,RHODE ISLAND,2903.0,3636.0,7.0,Providence,6480,"Providence-Fall River-Warwick, RI-MA MSA",02,PROVIDENCE,93,93,Insured-Subsidized,Y,1979-01-01 00:00:00,N,N,N,N,N,N,Y,Y,N,N,N,Y,N,N,N,N,N,N,N,Y,N,N,N,N,N,N,Y,N,Y,N,N,N,N,N
21045,Boston,Providence,800027994,HILLCREST VILLAGE,40 Leander Street,,PROVIDENCE,RI,RHODE ISLAND,2909.0,5636.0,7.0,Providence,6480,"Providence-Fall River-Warwick, RI-MA MSA",02,PROVIDENCE,130,130,Insured-Subsidized,Y,1992-08-28 00:00:00,N,N,N,N,N,N,N,Y,N,N,N,Y,N,N,N,N,N,N,N,Y,Y,N,N,N,N,N,Y,N,Y,N,N,N,N,N
21046,Boston,Providence,800027999,THE HERITAGE AT KENT FARM,25 GEMINI DRIVE,#1-G,EAST PROVIDENCE,RI,RHODE ISLAND,2914.0,,7.0,PROVIDENCE,6480,Providence-Fall River-Warwick RI-MA,01,EAST PROVIDENCE,139,250,Subsidized - Previously Insured,Y,1970-07-01 00:00:00,N,N,N,N,N,N,N,N,N,N,N,Y,N,N,N,N,N,N,N,Y,N,N,N,N,N,N,Y,N,N,N,N,Y,N,N
21047,OHP,OHP,800028015,WEST VIEW NURSING HOME,239 LEGRES AVE,,WEST WARWICK,RI,RHODE ISLAND,2893.0,2940.0,3.0,Kent,6480,"Providence-Fall River-Warwick, RI-MA MSA",02,WEST WARWICK,0,62,Insured-Unsubsidized,Y,1978-11-30 00:00:00,N,Y,N,N,N,N,Y,Y,N,N,N,N,N,N,N,N,N,N,N,N,N,N,N,N,N,N,N,N,N,N,N,N,N,N
21048,OHP,OHP,800028023,OVERLOOK NURSING & REHABILITATION CENTER,14 ROCK AVENUE,,BURRILLVILLE TOWN,RI,RHODE ISLAND,2859.0,3220.0,7.0,Providence,6480,"Providence-Fall River-Warwick, RI-MA MSA",02,Pascoag,0,100,Insured-Unsubsidized,Y,1979-08-01 00:00:00,N,Y,N,N,N,N,Y,Y,N,N,N,N,N,N,N,N,N,N,N,N,N,N,N,N,N,N,N,N,N,N,N,N,N,N
21049,OHP,OHP,800028044,LCC - The Bridge at Cherry Hill,1 CHERRY HILL ROAD,,JOHNSTON,RI,RHODE ISLAND,2919.0,2647.0,7.0,Providence,6480,"Providence-Fall River-Warwick, RI-MA MSA",02,,0,84,Insured-Unsubsidized,Y,1994-10-11 00:00:00,N,N,N,Y,N,N,Y,Y,N,N,N,N,N,N,N,N,N,N,N,N,N,N,N,N,N,N,N,N,N,N,N,N,N,N
21050,OHP,OHP,800028045,HOPKINS HEALTH CENTER,610 Smithfield Road,,NORTH PROVIDENCE,RI,RHODE ISLAND,2904.0,3820.0,7.0,Providence,6480,"Providence-Fall River-Warwick, RI-MA MSA",01,NORTH PROVIDENCE,0,210,Insured-Unsubsidized,Y,1973-11-19 00:00:00,N,Y,N,N,N,N,Y,Y,N,N,N,N,N,N,N,N,N,N,N,N,N,N,N,N,N,N,N,N,N,N,N,N,N,N
21051,OHP,OHP,800028047,SCALABRINI VILLA,860 NORTH QUIDNESSETT ROAD,,NORTH KINGSTOWN,RI,RHODE ISLAND,2852.0,1000.0,9.0,Washington,6480,"Providence-Fall River-Warwick, RI-MA MSA",02,,0,120,Insured-Unsubsidized,Y,1994-11-02 00:00:00,N,Y,N,N,N,N,Y,Y,N,N,N,N,N,N,N,N,N,N,N,N,N,N,N,N,N,N,N,N,N,N,N,N,N,N
21052,OHP,OHP,800028052,CORTLAND PLACE HEALTH CENTER,20 AUSTIN AVENUE,,SMITHFIELD,RI,RHODE ISLAND,2828.0,1449.0,7.0,Providence,6480,"Providence-Fall River-Warwick, RI-MA MSA",01,GREENVILLE,0,113,Insured-Unsubsidized,Y,1997-08-28 00:00:00,N,N,N,Y,N,N,Y,Y,N,N,N,N,N,N,N,N,N,N,N,N,N,N,N,N,N,N,N,N,N,N,N,N,N,N
21053,OHP,OHP,800028055,WESTERLY HEALTH CENTER,280 High Street,,WESTERLY TOWN,RI,RHODE ISLAND,2891.0,1748.0,9.0,Washington,5520,"New London-Norwich, CT-RI MSA",02,WESTERLY,0,64,Insured-Unsubsidized,Y,1995-09-15 00:00:00,N,Y,N,N,N,N,Y,Y,N,N,N,N,N,N,N,N,N,N,N,N,N,N,N,N,N,N,N,N,N,N,N,N,N,N
21054,OHP,OHP,800028056,Bayberry Commons,181 Davis Drive,,PASCOAG,RI,RHODE ISLAND,2895.0,3507.0,7.0,Providence,6480,"Providence-Fall River-Warwick, RI-MA MSA",02,Pascoag,0,0,Insured-Unsubsidized,Y,1995-09-15 00:00:00,N,Y,N,N,N,N,Y,Y,N,N,N,N,N,N,N,N,N,N,N,N,N,N,N,N,N,N,N,N,N,N,N,N,N,N
21055,OHP,OHP,800028057,WYNDEMERE WOODS,1044 MENDON ROAD,,WOONSOCKET,RI,RHODE ISLAND,2895.0,3997.0,7.0,Providence,6480,"Providence-Fall River-Warwick, RI-MA MSA",01,WOONSOCKET,0,42,Insured-Unsubsidized,Y,1998-04-21 00:00:00,N,N,Y,N,N,N,Y,Y,N,N,N,N,N,N,N,N,N,N,N,N,N,N,N,N,N,N,N,N,N,N,N,N,N,N
21056,OHP,OHP,800028058,RIVERVIEW NURSING HOME,546 MAIN STREET,,COVENTRY,RI,RHODE ISLAND,2816.0,7852.0,3.0,Kent,6480,"Providence-Fall River-Warwick, RI-MA MSA",02,,0,0,Insured-Unsubsidized,Y,1997-11-19 00:00:00,N,Y,N,N,N,N,Y,Y,N,N,N,N,N,N,N,N,N,N,N,N,N,N,N,N,N,N,N,N,N,N,N,N,N,N
21057,Boston,Providence,800028062,LAWRENCE APTS,25 E.Bowery Street,,NEWPORT,RI,RHODE ISLAND,2840.0,3574.0,5.0,Newport,9999,,01,NEWPORT,8,8,Subsidized - Previously Insured,Y,1980-09-15 00:00:00,N,N,N,N,N,N,N,N,N,N,N,Y,N,N,N,N,N,N,N,Y,N,N,N,N,N,N,Y,N,N,N,Y,N,N,N
21058,Boston,Providence,800028083,REGAL COURT,33 Long Street,,EAST GREENWICH,RI,RHODE ISLAND,2818.0,3749.0,3.0,Kent,6480,"Providence-Fall River-Warwick, RI-MA MSA",02,,0,35,Insured-Unsubsidized,Y,,N,N,N,N,N,N,N,Y,N,N,N,N,N,N,N,N,N,N,N,N,Y,N,N,N,N,N,N,N,N,N,N,N,N,N
21059,Boston,Providence,800028084,BARRINGTON COVE APARTMENTS,90 Bay Spring Avenue,,BARRINGTON,RI,RHODE ISLAND,2806.0,1365.0,1.0,Bristol,6480,"Providence-Fall River-Warwick, RI-MA MSA",01,BARRINGTON,0,60,Insured-Unsubsidized,Y,,N,N,N,N,N,N,N,Y,N,N,N,N,N,N,N,N,N,N,N,N,Y,N,N,N,N,N,N,N,N,N,N,N,N,N
22077,Boston,Providence,800056264,THE GOVERNOR,125 GOVERNOR STREET,,PROVIDENCE,RI,RHODE ISLAND,2906.0,3077.0,7.0,Providence,6480,"Providence-Fall River-Warwick, RI-MA MSA",01,PROVIDENCE,56,56,202/811,Y,1997-07-01 00:00:00,N,N,N,N,N,N,N,N,N,N,N,Y,Y,N,N,N,N,N,N,Y,N,N,Y,N,N,Y,N,N,N,N,N,N,N,N
22078,Boston,Providence,800056265,WEST HOUSE,417 FOREST AVENUE,,MIDDLETOWN,RI,RHODE ISLAND,2842.0,4680.0,5.0,Newport,9999,,01,NEWPORT EAST,49,50,202/811,Y,1997-03-17 00:00:00,N,N,N,N,N,N,N,N,N,N,N,Y,Y,N,N,N,N,N,N,Y,N,N,N,Y,N,Y,N,N,N,N,N,N,N,N
22079,Boston,Providence,800056274,ELDER CARE II,150 FRANKLIN STREET,,BRISTOL,RI,RHODE ISLAND,2809.0,3300.0,1.0,Bristol,6480,"Providence-Fall River-Warwick, RI-MA MSA",01,BRISTOL,48,49,202/811,Y,1997-10-01 00:00:00,N,N,N,N,N,N,N,N,N,N,N,Y,Y,N,N,N,N,N,N,Y,N,N,Y,N,N,Y,N,N,N,N,N,N,N,N
22080,Boston,Providence,800056275,CEDAR SPRING TERRACE,1720 Atwood Ave,,Johnston,RI,RHODE ISLAND,2919.0,3214.0,7.0,Providence,6480,"Providence-Fall River-Warwick, RI-MA MSA",02,,62,62,202/811,Y,,N,N,N,N,N,N,N,N,N,N,N,Y,Y,N,N,N,N,N,N,Y,N,N,N,N,N,Y,N,N,N,N,N,N,N,N
22081,Boston,Providence,800056276,JENKS WOODS APARTMENTS,25 FLAT STREET,,CUMBERLAND,RI,RHODE ISLAND,2864.0,2344.0,7.0,Providence,6480,"Providence-Fall River-Warwick, RI-MA MSA",01,CUMBERLAND HILL,61,62,202/811,Y,1998-07-14 00:00:00,N,N,N,N,N,N,N,N,N,N,N,Y,Y,N,N,N,N,N,N,Y,N,N,Y,N,N,Y,N,N,N,N,N,N,N,N
22082,Boston,Providence,800056281,ESPERANZA HILLS,58 TIOGUE AVENUE,,WEST WARWICK,RI,RHODE ISLAND,2893.0,6058.0,3.0,Kent,6480,"Providence-Fall River-Warwick, RI-MA MSA",02,WEST WARWICK,56,56,202/811,Y,2000-01-28 00:00:00,N,N,N,N,N,N,N,N,N,N,N,Y,Y,N,N,N,N,N,N,Y,N,N,N,N,N,Y,N,N,N,N,N,N,N,N
22083,Boston,Providence,800056338,CARA ESTATES,1247 Atwood Avenue,,JOHNSTON,RI,RHODE ISLAND,2919.0,4937.0,7.0,Providence,6480,"Providence-Fall River-Warwick, RI-MA MSA",02,,11,11,202/811,Y,1996-09-05 00:00:00,N,N,N,N,N,N,N,N,N,N,N,Y,Y,N,N,N,N,N,N,Y,N,N,Y,N,N,Y,N,N,N,N,N,N,N,N
22084,Boston,Providence,800056339,ELMHURST HOUSE, 55 WATERMAN AVENUE,,NORTH PROVIDENCE,RI,RHODE ISLAND,2911.0,1091.0,7.0,Providence,6480,"Providence-Fall River-Warwick, RI-MA MSA",01,NORTH PROVIDENCE,29,30,202/811,Y,1997-09-18 00:00:00,N,N,N,N,N,N,N,N,N,N,N,Y,Y,N,N,N,N,N,N,Y,N,N,N,N,N,Y,N,N,N,N,N,N,N,N
22085,Boston,Providence,800056340,WILLOW STREET SUPPORTIVE HSNG,99 WILLOW STREET,,PROVIDENCE,RI,RHODE ISLAND,2904.0,1939.0,7.0,Providence,6480,"Providence-Fall River-Warwick, RI-MA MSA",02,PROVIDENCE,12,12,202/811,Y,1998-04-22 00:00:00,N,N,N,N,N,N,N,N,N,N,N,Y,Y,N,N,N,N,N,N,Y,N,N,Y,N,N,Y,N,N,N,N,N,N,N,N
22086,Boston,Providence,800056342,The ARC of Blackstone Valley,315 SCHOOL STREET,,PAWTUCKET,RI,RHODE ISLAND,2860.0,5315.0,7.0,Providence,6480,"Providence-Fall River-Warwick, RI-MA MSA",01,PAWTUCKET,11,11,202/811,Y,1997-09-18 00:00:00,N,N,N,N,N,N,N,N,N,N,N,Y,Y,N,N,N,N,N,N,Y,N,N,N,N,N,Y,N,N,N,N,N,N,N,N
22087,Boston,Providence,800056344,GRANDVIEW SECOND,392 PINE ST,,PROVIDENCE,RI,RHODE ISLAND,2903.0,4550.0,7.0,Providence,6480,"Providence-Fall River-Warwick, RI-MA MSA",02,PROVIDENCE,19,19,202/811,Y,1996-03-01 00:00:00,N,N,N,N,N,N,N,N,N,N,N,Y,Y,N,N,N,N,N,N,Y,N,N,Y,N,N,Y,N,N,N,N,N,N,N,N
22088,Boston,Providence,800056346,WENTWORTH APARTMENTS,91-93  WENTWORTH AVENUE,,CRANSTON,RI,RHODE ISLAND,2910.0,2719.0,7.0,Providence,6480,"Providence-Fall River-Warwick, RI-MA MSA",02,CRANSTON,15,15,202/811,Y,1992-05-22 00:00:00,N,N,N,N,N,N,N,N,N,N,N,Y,Y,N,N,N,N,N,N,Y,N,N,N,N,N,Y,N,N,N,N,N,N,N,N
22089,Boston,Providence,800056348,VILLA NIA,18-A Marshall Lane,,MIDDLETOWN,RI,RHODE ISLAND,2842.0,4541.0,5.0,Newport,9999,,01,NEWPORT EAST,15,15,202/811,Y,1998-05-13 00:00:00,N,N,N,N,N,N,N,N,N,N,N,Y,Y,N,N,N,N,N,N,Y,N,N,N,N,N,Y,N,N,N,N,N,N,N,N
22090,Boston,Providence,800056352,AUSTIN PLACE,156 BROADWAY STREET,,PAWTUCKET,RI,RHODE ISLAND,2860.0,2231.0,7.0,Providence,6480,"Providence-Fall River-Warwick, RI-MA MSA",01,PAWTUCKET,15,15,202/811,Y,1998-05-01 00:00:00,N,N,N,N,N,N,N,N,N,N,N,Y,Y,N,N,N,N,N,N,Y,N,N,N,N,N,Y,N,N,N,N,N,N,N,N
22091,Boston,Providence,800056353,"MAP ALCOHOL  AND DRUG REHABILITATIVE SERVICES, INC",59 BURNETT STREET,,PROVIDENCE,RI,RHODE ISLAND,2907.0,2500.0,7.0,Providence,6480,"Providence-Fall River-Warwick, RI-MA MSA",01,Providence,10,10,202/811,Y,2000-09-11 00:00:00,N,N,N,N,N,N,N,N,N,N,N,Y,Y,N,N,N,N,N,N,Y,N,N,N,N,N,Y,N,N,N,N,N,N,N,N
22092,Boston,Providence,800056355,WILLOW HOUSE,444 WILLOW ST,,WOONSOCKET,RI,RHODE ISLAND,2895.0,4638.0,7.0,Providence,6480,"Providence-Fall River-Warwick, RI-MA MSA",01,WOONSOCKET,10,10,202/811,Y,1999-04-08 00:00:00,N,N,N,N,N,N,N,N,N,N,N,Y,Y,N,N,N,N,N,N,Y,N,N,Y,N,Y,N,N,N,N,N,N,N,N,N
23106,Boston,Providence,800079121,ADVENT-GEMINI HOTEL,344 WASHINGTON STREET,,PROVIDENCE,RI,RHODE ISLAND,2903.0,3564.0,7.0,Providence,6480,"Providence-Fall River-Warwick, RI-MA MSA",02,Providence,0,57,Insured-Unsubsidized,Y,,N,N,N,N,N,N,N,Y,N,N,N,N,N,N,N,N,N,N,N,N,Y,N,N,N,N,N,N,N,N,N,N,N,N,N
23123,Boston,Providence,800079259,MEADOWBROOK APTS,1581 KINGSTOWN ROAD,,SOUTH KINGSTON,RI,RHODE ISLAND,2828.0,2142.0,9.0,Washington,6480,"Providence-Fall River-Warwick, RI-MA MSA",02,Wakefield-Peacedale,0,47,Insured-Unsubsidized,Y,,N,N,N,N,N,N,N,Y,N,N,N,N,N,N,N,N,N,N,N,N,Y,N,N,N,N,N,N,N,N,N,N,N,N,N
23257,Boston,Providence,800112172,PRESIDENTIAL PLACE,70 Lincoln Avenue,,CRANSTON,RI,RHODE ISLAND,2920.0,,7.0,PROVIDENCE,6480,PROVIDENCE-FALL RIVER-WARWICK RI-MA,,,50,51,202/811,Y,2000-11-17 00:00:00,N,N,N,N,N,N,N,N,N,N,N,Y,Y,N,N,N,N,N,N,Y,N,N,Y,Y,N,Y,N,N,N,N,N,N,N,N
23398,Boston,Providence,800112319,SHORE COURTS,7211 Post Road,,NORTH KINGSTOWN,RI,RHODE ISLAND,2852.0,,9.0,WASHINGTON,6480,PROVIDENCE-FALL RIVER-WARWICK RI-MA,,,10,11,202/811,Y,2000-10-01 00:00:00,N,N,N,N,N,N,N,N,N,N,N,Y,Y,N,N,N,N,N,N,Y,N,N,N,N,N,Y,N,N,N,N,N,N,N,N
23399,Boston,Providence,800112320,ROSE-ARC APARTMENTS,19-29 Rosewood Street,,PAWTUCKET,RI,RHODE ISLAND,2860.0,,7.0,PROVIDENCE,6480,PROVIDENCE-FALL RIVER-WARWICK RI-MA,,,10,10,202/811,Y,2000-10-19 00:00:00,N,N,N,N,N,N,N,N,N,N,N,Y,Y,N,N,N,N,N,N,Y,N,N,N,N,N,Y,N,N,N,N,N,N,N,N
23709,OHP,OHP,800210870,SOUTH KINGSTOWN NURSING & REHABILITATION CENTER,2115 South County Trail,,WEST KINGSTON,RI,RHODE ISLAND,2892.0,1634.0,9.0,Washington,6480,"Providence-Fall River-Warwick, RI-MA MSA",02,,0,59,Insured-Unsubsidized,Y,2000-01-27 00:00:00,N,Y,N,N,N,N,Y,Y,N,N,N,N,N,N,N,N,N,N,N,N,N,N,N,N,N,N,N,N,N,N,N,N,N,N
23710,OHP,OHP,800210871,WEST SHORE HEALTH CENTER,109 West Shore Road,,WARWICK,RI,RHODE ISLAND,2889.0,1102.0,3.0,Kent,6480,"Providence-Fall River-Warwick, RI-MA MSA",02,WARWICK,0,75,Insured-Unsubsidized,Y,1999-12-08 00:00:00,N,Y,N,N,N,N,Y,Y,N,N,N,N,N,N,N,N,N,N,N,N,N,N,N,N,N,N,N,N,N,N,N,N,N,N
24055,Boston,Providence,800211757,OLMSTED GARDENS,3 Olmsted Way,,Providence,RI,RHODE ISLAND,2904.0,1734.0,7.0,Providence,6480,"Providence-Fall River-Warwick, RI-MA MSA",01,Providence,51,52,202/811,Y,,N,N,N,N,N,N,N,N,N,N,N,Y,Y,N,N,N,N,N,N,Y,N,N,Y,Y,N,Y,N,N,N,N,N,N,N,N
24070,Boston,Providence,800211784,WOODLAND ESTATES (TLR REALTY),1137 Hartford Ave,,Johnston,RI,RHODE ISLAND,2919.0,7122.0,7.0,Providence,6480,"Providence-Fall River-Warwick, RI-MA MSA",02,,10,10,202/811,Y,2004-01-14 00:00:00,N,N,N,N,N,N,N,N,N,N,N,Y,Y,N,N,N,N,N,N,Y,N,N,N,N,N,Y,N,N,N,N,N,N,N,N
24073,Boston,Providence,800211788,NASHUA STREET APARTMENTS,150 Nashua Street,,PROVIDENCE,RI,RHODE ISLAND,2904.0,1868.0,7.0,Providence,6480,"Providence-Fall River-Warwick, RI-MA MSA",01,Providence,10,11,202/811,Y,2001-10-16 00:00:00,N,N,N,N,N,N,N,N,N,N,N,Y,Y,N,N,N,N,N,N,Y,N,N,N,N,N,Y,N,N,N,N,N,N,N,N
24078,Boston,Providence,800211798,ALLEGRIA COURT,Nardolillo Street,,JOHNSTON,RI,RHODE ISLAND,2919.0,,7.0,Providence,9999,,**,,51,52,202/811,Y,2003-04-04 00:00:00,N,N,N,N,N,N,N,N,N,N,N,Y,Y,N,N,N,N,N,N,Y,N,N,Y,N,N,Y,N,N,N,N,N,N,N,N
24079,Boston,Providence,800211802,RUSSO STREET APTS.,38 & 44 Bergen,,Providence,RI,RHODE ISLAND,2908.0,,7.0,Providence,6480,"Providence-Fall River-Warwick, RI-MA MSA",02,PROVIDENCE,10,10,202/811,Y,,N,N,N,N,N,N,N,N,N,N,N,Y,Y,N,N,N,N,N,N,Y,N,N,N,N,N,Y,N,N,N,N,N,N,N,N
24081,Boston,Providence,800211804,VALERIE CASE APARTMENTS,"18,20,24,26,28,30,35,37,39,41",Case Lane,PROVIDENCE,RI,RHODE ISLAND,2907.0,,7.0,Providence,9999,,02,,10,10,202/811,Y,,N,N,N,N,N,N,N,N,N,N,N,Y,Y,N,N,N,N,N,N,Y,N,N,Y,N,N,Y,N,N,N,N,N,N,N,N
24181,OHP,OHP,800212190,Pine Grove Health Center,999 South Main Street,,PASCOAG,RI,RHODE ISLAND,2859.0,3522.0,7.0,Providence,6480,"Providence-Fall River-Warwick, RI-MA MSA",02,Pascoag,0,39,Insured-Unsubsidized,Y,1992-01-24 00:00:00,N,Y,N,N,N,N,Y,Y,N,N,N,N,N,N,N,N,N,N,N,N,N,N,N,N,N,N,N,N,N,N,N,N,N,N
24255,Boston,Providence,800212545,FOREST FARM ASSISTED LIVING,201 Forest Avenue,,MIDDLETOWN,RI,RHODE ISLAND,2842.0,4625.0,5.0,Newport,9999,,01,NEWPORT EAST,0,50,Insured-Unsubsidized,Y,,N,N,N,N,N,N,N,Y,N,N,N,N,N,N,N,N,N,N,N,N,Y,N,N,N,N,N,N,N,N,N,N,N,N,N
24589,Boston,Providence,800213409,LACASA APARTMENTS,80 Samuel Rodman St,,South Kingstown,RI,RHODE ISLAND,2879.0,8126.0,9.0,WASHINGTON,6480,Providence-Fall River-Warwick RI-MA,002,WAKEFIELD-PEACEDALE,49,49,202/811,Y,2006-09-01 00:00:00,N,N,N,N,N,N,N,N,N,N,N,Y,Y,N,N,N,N,N,N,Y,N,N,N,N,N,Y,N,N,N,N,N,N,N,N
24590,Boston,Providence,800213413,CROSSROADS ll APARTMENTS,18-28 ROBERTS STREET,,WEST WARWICK,RI,RHODE ISLAND,2893.0,,3.0,Kent,6480,"Providence-Fall River-Warwick, RI-MA MSA",02,WEST WARWICK,10,12,202/811,Y,2004-11-16 00:00:00,N,N,N,N,N,N,N,N,N,N,N,Y,Y,N,N,N,N,N,N,Y,N,N,N,N,N,Y,N,N,N,N,N,N,N,N
24591,Boston,Providence,800213414,ACCESS HOUSING,69 NORTH BEND STREET,,PAWTUCKET,RI,RHODE ISLAND,2860.0,3105.0,7.0,Providence,6480,"Providence-Fall River-Warwick, RI-MA MSA",01,PAWTUCKET,10,12,202/811,Y,2003-07-01 00:00:00,N,N,N,N,N,N,N,N,N,N,N,Y,Y,N,N,N,N,N,N,Y,N,N,N,N,N,Y,N,N,N,N,N,N,N,N
24592,Boston,Providence,800213415,193 WATERMAN AVENUE APARTMENTS,193 Waterman Ave,,East Providence,RI,RHODE ISLAND,2914.0,3549.0,7.0,Providence,6480,"Providence-Fall River-Warwick, RI-MA MSA",01,EAST PROVIDENCE,10,10,202/811,Y,2005-06-23 00:00:00,N,N,N,N,N,N,N,N,N,N,N,Y,Y,N,N,N,N,N,N,Y,N,N,N,N,N,Y,N,N,N,N,N,N,N,N
24722,Boston,Providence,800214197,HANCOCK ESTATES,345 Hancock Street,,TIVERTON,RI,RHODE ISLAND,2878.0,,5.0,Newport,6480,"Providence-Fall River-Warwick, RI-MA MSA",01,,50,51,202/811,Y,2002-06-01 00:00:00,N,N,N,N,N,N,N,N,N,N,N,Y,Y,N,N,N,N,N,N,Y,N,N,Y,N,N,Y,N,N,N,N,N,N,N,N
24780,Boston,Providence,800214453,HARBOR HOUSE,111 Washington St,,NEWPORT,RI,RHODE ISLAND,2840.0,1503.0,5.0,Newport,9999,,01,NEWPORT,0,38,Insured-Unsubsidized,Y,,N,N,N,N,N,N,N,Y,N,N,N,N,N,N,N,N,N,N,N,N,Y,N,N,N,N,N,N,N,N,N,N,N,N,N
25016,Boston,Providence,800215284,MAIN STREET APARTMENTS,340 Main St,,Warren,RI,RHODE ISLAND,2885.0,4342.0,1.0,Bristol,6480,"Providence-Fall River-Warwick, RI-MA MSA",01,,10,10,202/811,Y,2004-10-21 00:00:00,N,N,N,N,N,N,N,N,N,N,N,Y,Y,N,N,N,N,N,N,Y,N,N,N,N,N,Y,N,N,N,N,N,N,N,N
25018,Boston,Providence,800215287,OBED APARTMENTS,154 Obed Avenue,,North Providence,RI,RHODE ISLAND,2904.0,,7.0,Providence,6480,"Providence-Fall River-Warwick, RI-MA MSA",01,NORTH PROVIDENCE,10,10,202/811,Y,2005-04-07 00:00:00,N,N,N,N,N,N,N,N,N,N,N,Y,Y,N,N,N,N,N,N,Y,N,N,N,N,N,Y,N,N,N,N,N,N,N,N
25266,OHP,OHP,800216310,LIFE CARE 29- CHERRY HILL MANOR,2 Cherry Hill Road,,JOHNSTON,RI,RHODE ISLAND,2919.0,2687.0,7.0,Providence,6480,"Providence-Fall River-Warwick, RI-MA MSA",02,,0,101,Insured-Unsubsidized,Y,1977-07-27 00:00:00,N,Y,N,N,N,N,Y,Y,N,N,N,N,N,N,N,N,N,N,N,N,N,N,N,N,N,N,N,N,N,N,N,N,N,N
25402,Boston,Providence,800216816,ST. ELIZABETH ASSISTED LIVING,109 Melrose Street,,PROVIDENCE,RI,RHODE ISLAND,2907.0,1838.0,7.0,Providence,6480,"Providence-Fall River-Warwick, RI-MA MSA",01,Providence,0,69,Insured-Unsubsidized,Y,,N,N,N,N,N,N,N,Y,N,N,N,N,N,N,N,N,N,N,N,N,Y,N,N,N,N,N,N,N,N,N,N,N,N,N
25522,OHP,OHP,800217340,HARRIS HEALTH CARE CENTER NORTH,60 Eben Brown Lane,,CENTRAL FALLS,RI,RHODE ISLAND,2863.0,1409.0,7.0,Providence,6480,"Providence-Fall River-Warwick, RI-MA MSA",01,CENTRAL FALLS,0,32,Insured-Unsubsidized,Y,2007-12-05 00:00:00,N,Y,N,N,N,N,Y,Y,N,N,N,N,N,N,N,N,N,N,N,N,N,N,N,N,N,N,N,N,N,N,N,N,N,N
25523,OHP,OHP,800217342,HARRIS HEALTH CENTER,833 Broadway,,EAST PROVIDENCE,RI,RHODE ISLAND,2914.0,3722.0,7.0,Providence,6480,"Providence-Fall River-Warwick, RI-MA MSA",01,EAST PROVIDENCE,0,31,Insured-Unsubsidized,Y,2006-08-08 00:00:00,N,Y,N,N,N,N,Y,Y,N,N,N,N,N,N,N,N,N,N,N,N,N,N,N,N,N,N,N,N,N,N,N,N,N,N
25919,Boston,Providence,800218317,THE MEADOWS/WOONSOCKET NEIGHBORHOOD DEVEL. CORP.,Village Way,,NORTH SMITHFIELD,RI,RHODE ISLAND,2825.0,,7.0,Providence,9999,,01,,53,80,202/811,Y,2008-06-11 00:00:00,N,N,N,N,N,N,N,N,N,N,N,Y,Y,N,N,N,N,N,N,Y,N,N,N,N,N,Y,N,N,N,N,N,N,N,N
25920,Boston,Providence,800218319,SAUGATUCKET SPRINGS APARTMENTS,15 Town House Rd,,Hopkinton,RI,RHODE ISLAND,2833.0,1151.0,9.0,Washington,5520,"New London-Norwich, CT-RI MSA",02,,52,52,202/811,Y,2007-05-31 00:00:00,N,N,N,N,N,N,N,N,N,N,N,Y,Y,N,N,N,N,N,N,Y,N,N,N,N,N,Y,N,N,N,N,N,N,N,N
25921,Boston,Providence,800218320,STILLWATER HEIGHTS HOUSING,30 Central St,,Harrisville,RI,RHODE ISLAND,2830.0,1539.0,7.0,Providence,6480,"Providence-Fall River-Warwick, RI-MA MSA",02,Harrisville,52,53,202/811,Y,2006-08-09 00:00:00,N,N,N,N,N,N,N,N,N,N,N,Y,Y,N,N,N,N,N,N,Y,N,N,N,N,N,Y,N,N,N,N,N,N,N,N
25922,Boston,Providence,800218323,HATTON STREET APARTMENTS,197 Hattan Street,,EAST PROVIDENCE,RI,RHODE ISLAND,2914.0,3641.0,7.0,Providence,6480,"Providence-Fall River-Warwick, RI-MA MSA",01,EAST PROVIDENCE,6,6,202/811,Y,2007-01-22 00:00:00,N,N,N,N,N,N,N,N,N,N,N,Y,Y,N,N,N,N,N,N,Y,N,N,N,N,N,Y,N,N,N,N,N,N,N,N
25923,Boston,Providence,800218324,FREEDOM HOUSE,1409 W Main Rd,,Middletown,RI,RHODE ISLAND,2842.0,7315.0,5.0,Newport,9999,,01,NEWPORT EAST,10,10,202/811,Y,2006-04-03 00:00:00,N,N,N,N,N,N,N,N,N,N,N,Y,Y,N,N,N,N,N,N,Y,N,N,Y,N,N,Y,N,N,N,N,N,N,N,N
25924,Boston,Providence,800218325,WOODLAND ESTATES  (LJR CORP.),1137-45 Hartford Ave,,Johnston,RI,RHODE ISLAND,2919.0,,7.0,Providence,6480,"Providence-Fall River-Warwick, RI-MA MSA",02,,10,10,202/811,Y,2004-01-14 00:00:00,N,N,N,N,N,N,N,N,N,N,N,Y,Y,N,N,N,N,N,N,Y,N,N,N,N,N,Y,N,N,N,N,N,N,N,N
25925,Boston,Providence,800218326,WESTERLY COURT,65 Beach St,,Westerly,RI,RHODE ISLAND,2891.0,2776.0,9.0,Washington,5520,"New London-Norwich, CT-RI MSA",02,WESTERLY,10,10,202/811,Y,,N,N,N,N,N,N,N,N,N,N,N,Y,Y,N,N,N,N,N,N,Y,N,N,N,N,N,Y,N,N,N,N,N,N,N,N
26071,OHP,OHP,800218827,LIFE CARE 29- EVERGREEN HOUSE,One Evergreen Drive,,EAST PROVIDENCE,RI,RHODE ISLAND,2914.0,,7.0,Providence,6480,"Providence-Fall River-Warwick, RI-MA MSA",01,EAST PROVIDENCE,0,86,Insured-Unsubsidized,Y,2005-01-15 00:00:00,N,Y,N,N,N,N,Y,Y,N,N,N,N,N,N,N,N,N,N,N,N,N,N,N,N,N,N,N,N,N,N,N,N,N,N
26184,Boston,Providence,800219187,NEWPORT HEIGHTS PHASE 1B,Maple and Fahey Avenues,,Newport,RI,RHODE ISLAND,2840.0,,5.0,Newport,9999,,01,,0,36,Insured-Unsubsidized,Y,,N,N,N,N,N,N,N,Y,N,N,N,N,N,N,N,N,N,N,N,N,Y,N,N,N,N,N,N,N,N,N,N,N,N,N
26489,Boston,Providence,800219955,WILDBERRY APARTMENTS,95 Archambault Ave,,West Warwick,RI,RHODE ISLAND,2893.0,4929.0,3.0,Kent,6480,"Providence-Fall River-Warwick, RI-MA MSA",02,WEST WARWICK,47,47,202/811,Y,2008-06-01 00:00:00,N,N,N,N,N,N,N,N,N,N,N,Y,Y,N,N,N,N,N,N,Y,N,N,N,N,N,Y,N,N,N,N,N,N,N,N
26493,Boston,Providence,800219962,QUAKER ESTATES I,2334 East Main Road,,Portsmouth,RI,RHODE ISLAND,2871.0,,5.0,Newport,9999,,01,,5,5,202/811,Y,2007-01-16 00:00:00,N,N,N,N,N,N,N,N,N,N,N,Y,Y,N,N,N,N,N,N,Y,N,N,N,Y,N,Y,N,N,N,N,N,N,N,N
26494,Boston,Providence,800219965,MALM MANOR,156 Broadway,,Pawtucket,RI,RHODE ISLAND,2860.0,2231.0,7.0,Providence,6480,"Providence-Fall River-Warwick, RI-MA MSA",01,PAWTUCKET,9,10,202/811,Y,2007-09-12 00:00:00,N,N,N,N,N,N,N,N,N,N,N,Y,Y,N,N,N,N,N,N,Y,N,N,N,N,N,Y,N,N,N,N,N,N,N,N
26495,Boston,Providence,800219966,NEW LIFE ESTATES,20 Phenix Ave,,Cranston,RI,RHODE ISLAND,2920.0,4246.0,7.0,Providence,6480,"Providence-Fall River-Warwick, RI-MA MSA",02,Cranston,8,8,202/811,Y,2008-10-23 00:00:00,N,N,N,N,N,N,N,N,N,N,N,Y,Y,N,N,N,N,N,N,Y,N,N,N,N,N,Y,N,N,N,N,N,N,N,N
26583,Boston,Providence,800220286,CROSSROADS I,160 Broad Street,,Providence,RI,RHODE ISLAND,2903.0,,7.0,Providence,6480,"Providence-Fall River-Warwick, RI-MA MSA",02,PROVIDENCE,0,192,Insured-Unsubsidized,Y,,N,N,N,N,N,N,N,Y,N,N,N,N,N,N,N,N,N,N,N,N,Y,N,N,N,N,N,N,N,N,N,N,N,N,N
26623,Boston,Providence,800220445,BERKELEY VILLAGE,Woodward Street,,Cumberland,RI,RHODE ISLAND,2864.0,,7.0,Providence,9999,,01,,0,30,Insured-Unsubsidized,Y,,N,N,N,N,N,N,N,Y,N,N,N,N,N,N,N,N,N,N,N,N,Y,N,N,N,N,N,N,N,N,N,N,N,N,N
26952,Boston,Providence,800221495,QUAKER ESTATES II,2334 East Main Road,,Portsmouth,RI,RHODE ISLAND,2871.0,,5.0,Newport,9999,,01,,5,5,202/811,Y,2007-01-12 00:00:00,N,N,N,N,N,N,N,N,N,N,N,Y,Y,N,N,N,N,N,N,Y,N,N,N,N,N,Y,N,N,N,N,N,N,N,N
26953,Boston,Providence,800221496,MACINTOSH ESTATES,7 Church Street,,Smithfield,RI,RHODE ISLAND,2828.0,,7.0,Providence,6480,"Providence-Fall River-Warwick, RI-MA MSA",01,GREENVILLE,45,45,202/811,Y,2007-11-07 00:00:00,N,N,N,N,N,N,N,N,N,N,N,Y,Y,N,N,N,N,N,N,Y,N,N,N,N,N,Y,N,N,N,N,N,N,N,N
26958,Boston,Providence,800221507,WILSON STREET APARTMENTS,"11,15-17 Wilson Street",,Providence,RI,RHODE ISLAND,2907.0,,7.0,Providence,6480,"Providence-Fall River-Warwick, RI-MA MSA",01,Providence,10,10,202/811,Y,2007-09-07 00:00:00,N,N,N,N,N,N,N,N,N,N,N,Y,Y,N,N,N,N,N,N,Y,N,N,N,N,N,Y,N,N,N,N,N,N,N,N
27093,Boston,Providence,800221834,TRINITY NEWPORT (AKA NEWPORT HEIGHTS PHASE 2A),Hillside and Maple Avenues,,Newport,RI,RHODE ISLAND,2840.0,,5.0,Newport,9999,,01,,0,100,Insured-Unsubsidized,Y,,N,N,N,N,N,N,N,Y,N,N,N,N,N,N,N,N,N,N,N,N,Y,N,N,N,N,N,N,N,N,N,N,N,N,N
27094,Boston,Providence,800221835,TRINITY NEWPORT (AKA NEWPORT HEIGHTS PHASE 2B),Hillside and Maple Avenues,,Newport,RI,RHODE ISLAND,2840.0,,5.0,Newport,9999,,01,,0,47,Insured-Unsubsidized,Y,,N,N,N,N,N,N,N,Y,N,N,N,N,N,N,N,N,N,N,N,N,Y,N,N,N,N,N,N,N,N,N,N,N,N,N
27155,Boston,Providence,800222012,FIFTY WASHINGTON SQUARE,50 Washington Square,,Newport,RI,RHODE ISLAND,2840.0,,5.0,Newport,9999,,01,NEWPORT,0,93,Insured-Unsubsidized,Y,,N,N,N,N,N,N,N,Y,N,N,N,N,N,N,N,N,N,N,N,N,Y,N,N,N,N,N,N,N,N,N,N,N,N,N
27307,Boston,Providence,800222497,WILLIAM WOODS,Rugby Street & Pavillion Avenue,,Providence,RI,RHODE ISLAND,2905.0,,7.0,Providence,9999,,**,,0,65,Insured-Unsubsidized,Y,,N,N,N,N,N,N,N,Y,N,N,N,N,N,N,N,N,N,N,N,N,Y,N,N,N,N,N,N,N,N,N,N,N,N,N
27418,Boston,Providence,800222693,"BAYBERRY COURTS, INC.",Bank Street,,Hopkinton,RI,RHODE ISLAND,2804.0,,9.0,Washington,9999,,02,,10,10,202/811,Y,2011-11-30 00:00:00,N,N,N,N,N,N,N,N,N,N,N,Y,Y,N,N,N,N,N,N,Y,N,N,N,N,N,Y,N,N,N,N,N,N,N,N
27419,Boston,Providence,800222695,JM APARTMENTS,5-7 Echo Street,,Central Falls,RI,RHODE ISLAND,2863.0,,7.0,Providence,6480,"Providence-Fall River-Warwick, RI-MA MSA",01,CENTRAL FALLS,10,10,202/811,Y,2008-07-01 00:00:00,N,N,N,N,N,N,N,N,N,N,N,Y,Y,N,N,N,N,N,N,Y,N,N,N,N,N,Y,N,N,N,N,N,N,N,N
27611,Boston,Providence,800223202,QUAKER ESTATES III,2334 East Main Road,,Portsmouth,RI,RHODE ISLAND,2871.0,,5.0,Newport,9999,,01,,5,5,202/811,Y,2008-07-30 00:00:00,N,N,N,N,N,N,N,N,N,N,N,Y,Y,N,N,N,N,N,N,Y,N,N,N,N,N,Y,N,N,N,N,N,N,N,N
27612,Boston,Providence,800223203,WATERFALL ESTATES,10 Manville Hill Road,,Cumberland,RI,RHODE ISLAND,2864.0,2351.0,7.0,Providence,6480,"Providence-Fall River-Warwick, RI-MA MSA",01,Cumberland Hill,41,41,202/811,Y,2010-03-16 00:00:00,N,N,N,N,N,N,N,N,N,N,N,Y,Y,N,N,N,N,N,N,Y,N,N,N,N,N,Y,N,N,N,N,N,N,N,N
27665,Boston,Providence,800223340,OMNI FRIENDSHIP APARTMENTS,8 West Clifford Street,322 Friendship Street,Providence,RI,RHODE ISLAND,2903.0,,7.0,Providence,6480,"Providence-Fall River-Warwick, RI-MA MSA",02,PROVIDENCE,0,51,Insured-Unsubsidized,Y,,N,N,N,N,N,N,N,Y,N,N,N,N,N,N,N,N,N,N,N,N,Y,N,N,N,N,N,N,N,N,N,N,N,N,N
27936,Boston,Providence,800223999,STAND DOWN APARTMENTS,20 Bissell Street,,Providence,RI,RHODE ISLAND,2907.0,,7.0,Providence,6480,"Providence-Fall River-Warwick, RI-MA MSA",02,PROVIDENCE,10,10,202/811,Y,2009-07-14 00:00:00,N,N,N,N,N,N,N,N,N,N,N,Y,Y,N,N,N,N,N,N,Y,N,N,N,N,N,Y,N,N,N,N,N,N,N,N
28016,Boston,Providence,800224197,MT. VERNON TEMPLE NORTH APARTMENTS,939 Bernon Street,98 Rivulet Street,Woonsocket,RI,RHODE ISLAND,2895.0,,7.0,Providence,6480,"Providence-Fall River-Warwick, RI-MA MSA",01,WOONSOCKET,123,123,Insured-Subsidized,Y,,N,N,N,N,N,N,N,Y,N,N,N,Y,N,N,N,N,N,N,N,Y,Y,N,N,N,N,N,Y,N,N,Y,N,N,N,N
28030,Boston,Providence,800224228,QUAKER ESTATES IV,2368 East Main Road,,Portsmouth,RI,RHODE ISLAND,2871.0,,5.0,Newport,9999,,01,,18,18,202/811,Y,2010-01-11 00:00:00,N,N,N,N,N,N,N,N,N,N,N,Y,Y,N,N,N,N,N,N,Y,N,N,N,N,N,Y,N,N,N,N,N,N,N,N
28265,Boston,Providence,800224880,WESTMINSTER STREET SUPPORTED LIVING,1577 Westminster St,,Providence,RI,RHODE ISLAND,2909.0,1808.0,7.0,Providence,6480,"Providence-Fall River-Warwick, RI-MA MSA",02,PROVIDENCE,10,10,202/811,Y,2010-06-01 00:00:00,N,N,N,N,N,N,N,N,N,N,N,Y,Y,N,N,N,N,N,N,Y,N,N,N,N,N,Y,N,N,N,N,N,N,N,N
28266,Boston,Providence,800224884,BAFFIN COURT,"201,205-207,211-213 Thurbers Ave","6,8,12,20 Baffin Court",Providence,RI,RHODE ISLAND,2905.0,,7.0,Providence,6480,"Providence-Fall River-Warwick, RI-MA MSA",01,Providence,22,22,202/811,Y,2010-06-07 00:00:00,N,N,N,N,N,N,N,N,N,N,N,Y,Y,N,N,N,N,N,N,Y,N,N,N,N,N,Y,N,N,N,N,N,N,N,N
28268,Boston,Providence,800224889,BELLEVILLE HOUSE,410 TOWER HILL ROAD,,NORTH KINGSTOWN,RI,RHODE ISLAND,2852.0,5619.0,9.0,Washington,6480,"Providence-Fall River-Warwick, RI-MA MSA",02,,20,20,202/811,Y,2012-06-07 00:00:00,N,N,N,N,N,N,N,N,N,N,N,Y,Y,N,N,N,N,N,N,Y,N,N,N,N,N,Y,N,N,N,N,N,N,N,N
28269,Boston,Providence,800224890,THOMAS WILBUR HOMESTEAD,3188 Post Road,,Warwick,RI,RHODE ISLAND,2886.0,,3.0,Kent,6480,"Providence-Fall River-Warwick, RI-MA MSA",02,WARWICK,5,5,202/811,Y,2010-07-28 00:00:00,N,N,N,N,N,N,N,N,N,N,N,Y,Y,N,N,N,N,N,N,Y,N,N,N,N,N,Y,N,N,N,N,N,N,N,N
28701,Boston,Providence,800225948,"SAINT ELIZABETH TERRACE, WARWICK",140 Warwick Neck Avenue,,Warwick,RI,RHODE ISLAND,2818.0,,3.0,Kent,6480,"Providence-Fall River-Warwick, RI-MA MSA",02,WARWICK,34,34,202/811,Y,2012-02-06 00:00:00,N,N,N,N,N,N,N,N,N,N,N,Y,Y,N,N,N,N,N,N,Y,N,N,N,N,N,Y,N,N,N,N,N,N,N,N
28702,Boston,Providence,800225949,Golden Ridge,14 Manchester Circle,,Coventry,RI,RHODE ISLAND,2816.0,,3.0,Kent,6480,"Providence-Fall River-Warwick, RI-MA MSA",02,,34,34,202/811,Y,2012-05-22 00:00:00,N,N,N,N,N,N,N,N,N,N,N,Y,Y,N,N,N,N,N,N,Y,N,N,Y,N,N,Y,N,N,N,N,N,N,N,N
28834,Boston,Providence,800226237,WARM,54 Spruce Street,,Westerly,RI,RHODE ISLAND,2891.0,,9.0,Washington,5520,"New London-Norwich, CT-RI MSA",02,WESTERLY,8,8,202/811,Y,2013-02-14 00:00:00,N,N,N,N,N,N,N,N,N,N,N,Y,Y,N,N,N,N,N,N,Y,N,N,N,N,N,Y,N,N,N,N,N,N,N,N
28836,Boston,Providence,800226240,"George Galen Wheeler House, Inc.",57 Fair Street,,Warwick,RI,RHODE ISLAND,2886.0,,3.0,Kent,6480,"Providence-Fall River-Warwick, RI-MA MSA",02,WARWICK,5,5,202/811,Y,2012-03-01 00:00:00,N,N,N,N,N,N,N,N,N,N,N,Y,Y,N,N,N,N,N,N,Y,N,N,N,N,N,Y,N,N,N,N,N,N,N,N
29236,Boston,Providence,800227336,BOURNE MILL,844 State Avenue,,Tiverton,RI,RHODE ISLAND,2878.0,,5.0,Newport,9999,,01,,0,165,Insured-Unsubsidized,Y,,N,N,N,N,N,N,N,Y,N,N,N,N,N,N,N,N,N,N,N,N,Y,N,N,N,N,N,N,N,N,N,N,N,N,N
29311,Boston,Providence,800227521,CODDINGTON POINT,231 Maple Avenue,,Newport,RI,RHODE ISLAND,2840.0,,5.0,Newport,9999,,01,NEWPORT,0,32,Insured-Unsubsidized,Y,,N,N,N,N,N,N,N,Y,N,N,N,N,N,N,N,N,N,N,N,N,Y,N,N,N,N,N,N,N,N,N,N,N,N,N
29465,Boston,Providence,800231409,GRANDEVILLE AT GREENWICH,1 Patriot Way,,West Greenwich,RI,RHODE ISLAND,2817.0,,3.0,Kent,6480,"Providence-Fall River-Warwick, RI-MA MSA",02,,0,300,Insured-Unsubsidized,Y,,N,N,N,N,N,N,Y,Y,N,N,N,N,N,N,N,N,N,N,N,N,N,N,N,N,N,N,N,N,N,N,N,N,N,N
29785,Boston,Providence,800232316,RODMAN  COMMONS,Samuel Rodman Street,,South Kingstown,RI,RHODE ISLAND,2879.0,,9.0,Washington,9999,,02,,20,20,202/811,Y,2012-11-01 00:00:00,N,N,N,N,N,N,N,N,N,N,N,Y,Y,N,N,N,N,N,N,Y,N,N,N,N,N,Y,N,N,N,N,N,N,N,N
29804,Boston,Providence,800232423,BELMONT COMMONS,115 Manton Street,,Pawtucket,RI,RHODE ISLAND,2861.0,,7.0,Providence,6480,"Providence-Fall River-Warwick, RI-MA MSA",01,PAWTUCKET,10,10,202/811,Y,2013-05-29 00:00:00,N,N,N,N,N,N,N,N,N,N,N,Y,Y,N,N,N,N,N,N,Y,N,N,N,N,N,Y,N,N,N,N,N,N,N,N
29807,Boston,Providence,800232433,KENYON TERRACE APARTMENTS,327 Kenyon Avenue,,South Kingstown,RI,RHODE ISLAND,2892.0,,9.0,Washington,6480,"Providence-Fall River-Warwick, RI-MA MSA",02,WAKEFIELD-PEACEDALE,6,6,202/811,Y,2014-09-30 00:00:00,N,N,N,N,N,N,N,N,N,N,N,Y,Y,N,N,N,N,N,N,Y,N,N,N,N,N,Y,N,N,N,N,N,N,N,N
29897,Boston,Providence,800232727,CARLETON WESTSIDE APARTMENTS LP,211 Carleton Street,,Providence,RI,RHODE ISLAND,2908.0,,7.0,Providence,6480,"Providence-Fall River-Warwick, RI-MA MSA",02,Providence,0,86,Insured-Unsubsidized,Y,,N,N,N,N,N,N,N,Y,N,N,N,N,N,N,N,N,N,N,N,N,Y,N,N,N,N,N,N,N,N,N,N,N,N,N
30056,OHP,OHP,800233147,Athena 13 - Oakland Grove Health Care Center,560 Cumberland Hill Road,,Woonsocket,RI,RHODE ISLAND,2895.0,,7.0,Providence,6480,"Providence-Fall River-Warwick, RI-MA MSA",01,WOONSOCKET,0,96,Insured-Unsubsidized,Y,,N,Y,N,N,N,N,Y,Y,N,N,N,N,N,N,N,N,N,N,N,N,N,N,N,N,N,N,N,N,N,N,N,N,N,N
30356,Boston,Providence,800234001,COLONIAL VILLAGE APARTMENTS,60 School Street,,North Smithfield,RI,RHODE ISLAND,2896.0,,7.0,Providence,6480,"Providence-Fall River-Warwick, RI-MA MSA",01,,0,75,Insured-Unsubsidized,Y,,N,N,N,N,N,N,N,Y,N,N,N,N,N,N,N,N,N,N,N,N,Y,N,N,N,N,N,N,N,N,N,N,N,N,N
30971,Boston,Providence,800235547,KEATS GARDENS,115 Manton Street,,Pawtucket,RI,RHODE ISLAND,2860.0,,7.0,Providence,6480,"Providence-Fall River-Warwick, RI-MA MSA",01,PAWTUCKET,19,20,202/811,Y,2015-12-01 00:00:00,N,N,N,N,N,N,N,N,N,N,N,Y,Y,N,N,N,N,N,N,Y,N,N,N,N,N,Y,N,N,N,N,N,N,N,N
30972,Boston,Providence,800235548,BELLEVILLE HOUSE II,410 Tower Hill Road,,North Kingstown,RI,RHODE ISLAND,2852.0,,9.0,Washington,6480,"Providence-Fall River-Warwick, RI-MA MSA",02,,15,16,202/811,Y,2014-06-06 00:00:00,N,N,N,N,N,N,N,N,N,N,N,Y,Y,N,N,N,N,N,N,Y,N,N,N,N,N,Y,N,N,N,N,N,N,N,N
31047,Boston,Providence,800235786,5-7 John Street,5 John Street,,Woonsocket,RI,RHODE ISLAND,2895.0,,7.0,Providence,6480,"Providence-Fall River-Warwick, RI-MA MSA",01,Woonsocket,8,8,202/811,Y,2016-09-30 00:00:00,N,N,N,N,N,N,N,N,N,N,N,Y,Y,N,N,N,N,N,N,Y,N,N,N,N,N,Y,N,N,N,N,N,N,N,N
31048,Boston,Providence,800235787,EAST LONG POND APARTMENTS,22 Parkis Avenue,,Providence,RI,RHODE ISLAND,2907.0,,7.0,Providence,6480,"Providence-Fall River-Warwick, RI-MA MSA",01,Providence,10,10,202/811,Y,2015-02-01 00:00:00,N,N,N,N,N,N,N,N,N,N,N,Y,Y,N,N,N,N,N,N,Y,N,N,N,N,N,Y,N,N,N,N,N,N,N,N
31049,Boston,Providence,800235789,PIERCE STREET APARTMENTS,54-58 Pierce Street,,Westerly,RI,RHODE ISLAND,2891.0,,9.0,Washington,5520,"New London-Norwich, CT-RI MSA",02,WESTERLY,10,10,202/811,Y,2015-01-30 00:00:00,N,N,N,N,N,N,N,N,N,N,N,Y,Y,N,N,N,N,N,N,Y,N,N,N,N,N,Y,N,N,N,N,N,N,N,N
31831,Boston,Providence,800237449,Glenark Landing/Ashley Court,104 Sayles Street,,Woonsocket,RI,RHODE ISLAND,2895.0,,7.0,Providence,6480,"Providence-Fall River-Warwick, RI-MA MSA",01,WOONSOCKET,0,89,Insured-Unsubsidized,Y,,N,N,N,N,N,N,N,Y,N,N,N,N,N,N,N,N,N,N,N,N,Y,N,N,N,N,N,N,N,N,N,N,N,N,N
32317,Boston,Providence,800238434,Four Sisters,245 Washington Street,,Providence,RI,RHODE ISLAND,2903.0,,7.0,Providence,6480,"Providence-Fall River-Warwick, RI-MA MSA",02,Providence,52,96,Insured-Subsidized,Y,,N,N,N,N,N,N,N,Y,N,N,N,Y,N,N,N,N,N,N,N,Y,Y,N,N,N,N,N,Y,N,N,Y,N,N,N,N
32382,OHP,OHP,800238584,Waterview Villa,1275 South Broadway,,East Providence,RI,RHODE ISLAND,2914.0,,7.0,Providence,6480,"Providence-Fall River-Warwick, RI-MA MSA",01,East Providence,0,66,Insured-Unsubsidized,Y,,N,Y,N,N,N,N,Y,Y,N,N,N,N,N,N,N,N,N,N,N,N,N,N,N,N,N,N,N,N,N,N,N,N,N,N
32383,OHP,OHP,800238585,Summit Commons,99 Hillside Avenue,,Providence,RI,RHODE ISLAND,2906.0,,7.0,Providence,6480,"Providence-Fall River-Warwick, RI-MA MSA",01,Providence,0,77,Insured-Unsubsidized,Y,,N,Y,N,N,N,N,Y,Y,N,N,N,N,N,N,N,N,N,N,N,N,N,N,N,N,N,N,N,N,N,N,N,N,N,N
32403,Boston,Providence,800238630,Trafalgar East Apartments,5300 Post Road,,East Greenwich,RI,RHODE ISLAND,2818.0,,3.0,Kent,6480,"Providence-Fall River-Warwick, RI-MA MSA",02,,0,164,Insured-Unsubsidized,Y,,N,N,N,N,N,N,Y,Y,N,N,N,N,N,N,N,N,N,N,N,N,N,N,N,N,N,N,N,N,N,N,N,N,N,N
33763,OHP,OHP,800241812,Athena - Orchard View Manor Nursing & Rehab Center,135 Tripps Lane,,Providence,RI,RHODE ISLAND,2915.0,,7.0,Providence,6480,"Providence-Fall River-Warwick, RI-MA MSA",01,East Providence,0,87,Insured-Unsubsidized,Y,,N,Y,N,N,N,N,Y,Y,N,N,N,N,N,N,N,N,N,N,N,N,N,N,N,N,N,N,N,N,N,N,N,N,N,N
33764,OHP,OHP,800241813,Athena - Heatherwood Rehab & Healthcare Center,398 Bellevue Avenue,,Newport,RI,RHODE ISLAND,2840.0,,5.0,Newport,9999,,01,Newport,0,58,Insured-Unsubsidized,Y,,N,Y,N,N,N,N,Y,Y,N,N,N,N,N,N,N,N,N,N,N,N,N,N,N,N,N,N,N,N,N,N,N,N,N,N
33970,OHP,OHP,800242421,Apple Rehab - The Clipper Home,161 Post Road,,Westerly,RI,RHODE ISLAND,2891.0,,9.0,Washington,5520,"New London-Norwich, CT-RI MSA",02,Westerly,0,60,Insured-Unsubsidized,Y,,N,Y,N,N,N,N,Y,Y,N,N,N,N,N,N,N,N,N,N,N,N,N,N,N,N,N,N,N,N,N,N,N,N,N,N
34288,OHP,OHP,800243592,Tockwotton on the Waterfront,500 Waterfront Drive,,East Providence,RI,RHODE ISLAND,2914.0,,7.0,Providence,9999,,01,,0,156,Insured-Unsubsidized,Y,,N,N,N,Y,N,N,Y,Y,N,N,N,N,N,N,N,N,N,N,N,N,N,N,N,N,N,N,N,N,N,N,N,N,N,N
